Email,"First Name","Last Name","Member Rating","Bounce Type"
rcsosw1uwk@bseomail.com,VicxxumcrQN,,1,soft
viplaker@yandex.com,RayhondoiCE,,1,soft
cool.coolnjmgh2010@yandex.ru,WilliamSedoHP,,1,soft
kristina.karpysheva@mail.ru,NerusulTyncXH,,1,hard
centra2016@yandex.ru,MichealKaFH,,1,soft
jrdl92615@men.piquate.com,KennethKimaBB,,1,soft
matthewbentley6a@gmail.com,scawwdNF,,1,soft
dmwt99376@docs.360ezzz.com,BenitoeaXP,,1,soft
lfwh60895@docs.360ezzz.com,MaxwellLepNW,,1,soft
cafe@sixin-cafe.com,RichardOaVW,,1,soft
andrey01b@mail.ru,Florentina,Faucett,1,hard
jlba92183@men.piquate.com,TimothyPagsGW,,1,soft
yettachambers4@local.farthy.com,Yetta,Chambers,2,soft
trsl18766@men.piquate.com,RaymondSymnXK,,1,soft
a-bayborodina@mail.ru,RenwikhowYP,,1,hard
bunzamex@yandex.com,FreztwewIB,,2,soft
valeriymariupol@qip.ru,ValeriySewQK,,1,soft
pirsanil@yandex.com,NalterOnBY,,2,soft
qtkc97695@docs.360ezzz.com,RaphaelTelaEN,,1,soft
zhin93612@men.piquate.com,JoshuanowHN,,1,soft
danilobatey6@local.farthy.com,Danilo,Batey,2,soft
devonserrato@local.farthy.com,Devon,Serrato,2,soft
dmitriykossgo0@mail.ru,Kandis,Begum,1,hard
deannexp1@yankee.epsilon.coayako.top,dominiqueep16,,2,soft
stvolkov1eu@mail.ru,Scotty,Stallworth,1,hard
cool.coolnjmgh1980@yandex.ru,StevenNawMF,,2,soft
rsqz35609@men.piquate.com,DewittmrOP,,1,soft
aserderreckl@mail.ru,CharlesRogLA,,1,hard
fredpidgeon@local.farthy.com,Fred,Pidgeon,2,soft
manuelafitzsimmons@local.farthy.com,Manuela,Fitzsimmons,2,soft
andreyk6nisaev@mail.ru,Isabelle,Schenk,1,hard
gailoe16@victorsierra.spithamail.top,trinaec69,,2,soft
lxcp73342@men.piquate.com,JosephpypeJU,,1,soft
fedor5cggalkin@mail.ru,Fannie,Luster,1,hard
espfvp6kcn@bseomail.com,ViccbznosQN,,1,soft
vgxg27168@docs.360ezzz.com,CharlesUtexEI,,1,soft
mlls77682@men.piquate.com,HarveyPlEN,,1,soft
jilliandx60@omegaxray.thefreemail.top,rafaelzg1,,2,soft
vmishinuudx@mail.ru,Merle,"De La Condamine",1,hard
fleq68360@men.piquate.com,WilliamstDL,,1,soft
shanaringrose@local.farthy.com,Shana,Ringrose,2,soft
andramarcotte@local.farthy.com,Andra,Marcotte,2,soft
ilyushchikhin.robert@mail.ru,KaffurhizRA,,1,hard
ljyp11907@men.piquate.com,WoodrowstDQ,,1,soft
bkab344@men.piquate.com,RobertNubRJ,,1,soft
nelsonnelsond@qip.ru,NelsondibGP,,2,soft
gordonkr11@kilozeta.webmailious.top,floydul16,,2,soft
vhdq69633@men.piquate.com,ArnolddowWH,,1,soft
deidreel11@yankee.epsilon.coayako.top,alvinpw18,,2,soft
Verlafelo@pzt2nm50.xzzy.info,VerlafeloJ,,1,soft
dimaac0yak@mail.ru,Bianca,Sargood,1,hard
amateurvictor@qip.ru,VictorDugSD,,1,soft
domalaxuh.wood@yandex.by,TashaHonsBG,,1,soft
sdfd47850@docs.360ezzz.com,ThomasPlOH,,1,soft
feliciapw6@omegaxray.thefreemail.top,luisaxe1,,2,soft
judeprins@local.farthy.com,Jude,Prins,2,soft
ilya7lvptro@mail.ru,Walker,Bloomfield,1,hard
samspaull@local.farthy.com,Sam,Spaull,2,soft
manfudik@yandex.com,HarlintirlYY,,1,soft
ivanziminiw7o@mail.ru,Elijah,Palmquist,1,hard
melvin@bromailservice.xyz,MelvinklGC,,1,soft
evanlynas@local.farthy.com,Evan,Lynas,2,soft
biklafet@yandex.com,ArthudsiTR,,1,soft
mariannejulia@local.farthy.com,Marianne,Julia,2,soft
adellpaulsen@local.farthy.com,Adell,Paulsen,2,soft
cool.coolnjmgh1997@yandex.ru,KelvinKiVE,,1,soft
vwjp28124@men.piquate.com,JordanoiDY,,1,soft
uvwj38767@docs.360ezzz.com,JosephGatOY,,1,soft
jhaw79611@men.piquate.com,DonaldElZB,,1,soft
amoszouch43@local.farthy.com,Amos,Zouch,2,soft
nelsonxx11@zulu.xray.livefreemail.top,eddievc4,,2,soft
selenacona@mail.ru,SelenaNuhAC,,1,hard
onpc48307@docs.360ezzz.com,MichaelnoxJO,,1,soft
utxg31917@men.piquate.com,MichaelNurnGE,,1,soft
victorinawaterman56@local.farthy.com,Victorina,Waterman,2,soft
qzgm41829@men.piquate.com,JordancoksTR,,1,soft
lsjs4307@men.piquate.com,WalterEaJI,,1,soft
dillonchery@local.farthy.com,Dillon,Chery,2,soft
mikhailodjbt@mail.ru,Ashly,Sprague,1,hard
rostislav.leontev.74@mail.ru,DelazarJipUL,,1,hard
wwkk25181@men.piquate.com,RichardVonVU,,1,soft
ascabfdbdfb@hanulko.eu,Antoinette,Burgos,1,soft
dedluc1d8x@bseomail.com,VicfsoofxQN,,1,soft
faithvb6@victorsierra.spithamail.top,loricv3,,2,soft
ksanfbobrov86@yandex.com,klpiknErEnZP,,1,soft
adiyaqo.peters2016@yandex.ua,MoriartyHonsBG,,1,soft
jhdt13689@men.piquate.com,RichardGopFS,,1,soft
tdmt61389@men.piquate.com,HerbertwemXW,,1,soft
florianhodgson@local.farthy.com,Florian,Hodgson,2,soft
domalaxuh.wood@ya.ru,ShaquitaHonsBG,,1,soft
panding@allairjordan.co.uk,HeaodetratsFQ,,1,soft
hcgq92613@men.piquate.com,JordanolLF,,1,soft
ggqjnn8v8t@bseomail.com,VicrybuorQN,,1,soft
treserlens@yandex.com,MonicasashYJ,,1,soft
ernestinamcdonnell73@dust.islaby.com,Ernestina,McDonnell,1,soft
ardendale@local.farthy.com,Arden,Dale,2,soft
medtmoro@yandex.com,KalMichaelkilaMX,,1,soft
marlysalonzo2@eu.360ezzz.com,Marlys,Alonzo,1,soft
inna.volferts.89@mail.ru,CoppercoxPU,,1,hard
garlandtims@local.farthy.com,Garland,Tims,2,soft
cool.coolnjmgh1996@yandex.ru,JefferyRotQU,,1,soft
gcnd74779@men.piquate.com,RichardOtDJ,,1,soft
christoperspear@local.farthy.com,Christoper,Spear,2,soft
charlesminnick43@nerd.krabbed.com,Charles,Minnick,1,soft
kelly@jmglasses-design.com,DouglasfuhOC,,2,soft
rubio88@adrajapancharitychor.com,ofivup,,1,soft
topicsarnold@qip.ru,ArnoldRernID,,1,soft
gzvz66371@men.piquate.com,RichardkiRT,,1,soft
iwwv64308@men.piquate.com,DanielonJX,,1,soft
bonnycausey70@local.farthy.com,Bonny,Causey,2,soft
fbht87743@men.piquate.com,DarrenzeRyTG,,1,soft
corrineps5@yankee.epsilon.coayako.top,michaelwv60,,2,soft
daisygb2@kilozeta.webmailious.top,everettwc2,,2,soft
michaelkinggarden@yandex.com,Jerilyn,Decosta,2,soft
vkloka@mail.ru,SamuelgugOM,,1,hard
meme123@ccxpnthu2.pw,RonaldScetWI,,1,soft
charliejz5@epsilonzulu.webmailious.top,belindalw1,,2,soft
buklamof@yandex.com,FalwinOrZJ,,1,soft
konstantinnn7zh@mail.ru,Collin,Bastyan,1,hard
zuax90888@men.piquate.com,KennethpupsQV,,1,soft
gwenxc7@yankee.epsilon.coayako.top,clarencehc4,,2,soft
tammiemendelsohn@local.farthy.com,Tammie,Mendelsohn,2,soft
eddyjax@gmx.us,EddiJibQF,,2,soft
ryanrestrepo@local.farthy.com,Ryan,Restrepo,2,soft
oswv16216@docs.360ezzz.com,WilliamonGA,,1,soft
yaarveots.slaviknikolaev@yandex.com,CelestesaHO,,1,soft
hgcu10416@men.piquate.com,LeonarderKS,,1,soft
okhw17750@men.piquate.com,ThomasTupED,,1,soft
vcqe71846@men.piquate.com,GenaroKlPL,,1,soft
melodeehutchinson41@local.farthy.com,Melodee,Hutchinson,2,soft
yaroslavbea63@mail.ru,Gaye,Nona,1,hard
szqh32408@men.piquate.com,RonaldfugQT,,1,soft
leoxw2@lima.zulu.webmailious.top,wendysl2,,2,soft
chastitysherrard@local.farthy.com,Chastity,Sherrard,2,soft
shabliewsckaya.magomednabi@yandex.com,CrystalPiWW,,1,soft
excr82784@men.piquate.com,ArthurcibQV,,1,soft
jacquelinestapleton@eu.360ezzz.com,Jacqueline,Stapleton,1,soft
minzadis@yandex.com,BramleylibGW,,2,soft
binzadil@yandex.com,SilliamSiPW,,1,soft
violetgb11@whiskeygolf.wollomail.top,beverleygl4,,2,soft
dissertationsjoseph@qip.ru,JosephsyncNE,,1,soft
vrrk98007@men.piquate.com,LeonardflagAK,,1,soft
evgeniyletjn6@mail.ru,Mckinley,Flinchum,1,hard
orawd16@whiskeygolf.wollomail.top,katinajg18,,2,soft
yuwants@yandex.com,MelodylonaQI,,1,soft
edwardRath@red.bgchan.net,EdwardsexSF,,1,soft
quke99256@docs.360ezzz.com,MichaelRallME,,1,soft
inasnyder85@local.farthy.com,Ina,Snyder,2,soft
duaneyj11@zulu.xray.livefreemail.top,ivakv4,,2,soft
gerardorobles74@local.farthy.com,Gerardo,Robles,2,soft
hallehosinevef@yandex.com.tr,LauderdaleHonsBG,,1,soft
cool.coolnjmgh2012@yandex.ru,RodneygokyHR,,1,soft
noahtiegs@local.farthy.com,Noah,Tiegs,2,soft
fvaw14804@docs.360ezzz.com,RichardscewZS,,1,soft
eddieGon@ten.bgchan.net,EddieLupsIY,,1,soft
dawnfruehauf@local.farthy.com,Dawn,Fruehauf,2,soft
cyug7815@men.piquate.com,SamuelhibTZ,,1,soft
robslater91@local.farthy.com,Rob,Slater,2,soft
melvinBacemp@lightengroups.com,MelvinolMP,,1,soft
cool.coolnjmgh2011@yandex.ru,DennisklQZ,,1,soft
wesleysp6@zulu.xray.livefreemail.top,sonyacq2,,2,soft
anauthorswayrichard@qip.ru,RichardeiJX,,1,soft
mpeh32332@dl.piquate.com,WesleyAporKG,,2,soft
merrimachado39@local.farthy.com,Merri,Machado,2,soft
artem72vsha@mail.ru,Hazel,Bancroft,1,hard
karinwhitney52@local.farthy.com,Karin,Whitney,2,soft
jeremyvon@mail.ru,JeremyLaltPN,,1,hard
stevenko3@quebecupsilon.thefreemail.top,marynw1,,2,soft
stanisl.rodniy2017@yandex.ru,WillieCagmaIA,,2,soft
kimfales@yandex.com,JimzytaxLY,,2,soft
viktorfokinsz@mail.ru,Brenna,Theissen,1,hard
oyev94129@men.piquate.com,MichaelMtST,,1,soft
tsilazaina.chabaraka@yandex.com,ElaineOtBJ,,1,soft
qolt40187@men.piquate.com,MichaelfarFX,,1,soft
karinakp5@kilozeta.webmailious.top,leeqt4,,2,soft
a@beckygri.pw,HenryCJJH,,1,soft
rosalindsx20@whiskeygolf.wollomail.top,janif16,,2,soft
hbcq68091@docs.360ezzz.com,BufordWabSZ,,1,soft
onlineandrew@qip.ru,AndrewOrQH,,2,soft
kenbednall@local.farthy.com,Ken,Bednall,2,soft
jamikaherrington17@local.farthy.com,Jamika,Herrington,2,soft
capitalnicolas@qip.ru,NicolasfekQJ,,1,soft
hello@ccxpnthu2.pw,StevenOnZH,,1,soft
