Email,"First Name","Last Name","Member Rating","Bounce Type"
buchanajamal693@gmail.com,Juliaca,,2,soft
rcsosw1uwk@bseomail.com,VicxxumcrQN,,1,soft
dumpsjohn@qip.ru,JohnAnitFI,,2,soft
viplaker@yandex.com,RayhondoiCE,,1,soft
cool.coolnjmgh2010@yandex.ru,WilliamSedoHP,,1,soft
centra2016@yandex.ru,MichealKaFH,,1,soft
jrdl92615@men.piquate.com,KennethKimaBB,,1,soft
matthewbentley6a@gmail.com,scawwdNF,,1,soft
dmwt99376@docs.360ezzz.com,BenitoeaXP,,1,soft
lfwh60895@docs.360ezzz.com,MaxwellLepNW,,1,soft
klausscullin83@local.farthy.com,Klaus,Scullin,2,soft
pevx84564@hit.mistrioni.com,GeorgeCagOI,,2,soft
cafe@sixin-cafe.com,RichardOaVW,,1,soft
mmichalaka@mail.ru,,,1,hard
ruslannaumovxi@mail.ru,Katja,Ely,1,hard
jlba92183@men.piquate.com,TimothyPagsGW,,1,soft
yettachambers4@local.farthy.com,Yetta,Chambers,2,soft
analarosair@mail.ru,,,1,hard
trsl18766@men.piquate.com,RaymondSymnXK,,1,soft
bunzamex@yandex.com,FreztwewIB,,2,soft
valeriymariupol@qip.ru,ValeriySewQK,,1,soft
wmoddnmy@mail.ru,,,1,hard
n.i.kita.se.rb.in.a40@gmail.com,WilliamDonJQ,,2,soft
pirsanil@yandex.com,NalterOnBY,,2,soft
qtkc97695@docs.360ezzz.com,RaphaelTelaEN,,1,soft
zhin93612@men.piquate.com,JoshuanowHN,,1,soft
danilobatey6@local.farthy.com,Danilo,Batey,2,soft
jamespoice@mail.ru,JamesVobNU,,1,hard
devonserrato@local.farthy.com,Devon,Serrato,2,soft
polina.churzina@mail.ru,KasimSlAF,,1,hard
nikita5t7gfrolov@mail.ru,Mickey,Rosen,1,hard
cool.coolnjmgh1980@yandex.ru,StevenNawMF,,2,soft
rsqz35609@men.piquate.com,DewittmrOP,,1,soft
kmimozoska@mail.ru,,,1,hard
fredpidgeon@local.farthy.com,Fred,Pidgeon,2,soft
willianrasmussen95@local.farthy.com,Willian,Rasmussen,2,soft
maocaner@yandex.com,LewinaspedYA,,2,soft
manuelafitzsimmons@local.farthy.com,Manuela,Fitzsimmons,2,soft
lxcp73342@men.piquate.com,JosephpypeJU,,1,soft
espfvp6kcn@bseomail.com,ViccbznosQN,,1,soft
vgxg27168@docs.360ezzz.com,CharlesUtexEI,,1,soft
mlls77682@men.piquate.com,HarveyPlEN,,1,soft
gaylord@testowe24.pl,ujogul,,1,soft
fleq68360@men.piquate.com,WilliamstDL,,1,soft
shanaringrose@local.farthy.com,Shana,Ringrose,2,soft
andramarcotte@local.farthy.com,Andra,Marcotte,2,soft
denniskl@mail.ru,DennisRobOQ,,1,hard
ljyp11907@men.piquate.com,WoodrowstDQ,,1,soft
bkab344@men.piquate.com,RobertNubRJ,,1,soft
nelsonnelsond@qip.ru,NelsondibGP,,2,soft
mkarsdowy@mail.ru,,,1,hard
jmarosnor@mail.ru,,,1,hard
vhdq69633@men.piquate.com,ArnolddowWH,,1,soft
mixlagen@yandex.com,GresgSaimaMI,,2,soft
Verlafelo@pzt2nm50.xzzy.info,VerlafeloJ,,1,soft
amateurvictor@qip.ru,VictorDugSD,,1,soft
xqjo46879@hit.mistrioni.com,RussellNutSG,,2,soft
domalaxuh.wood@yandex.by,TashaHonsBG,,1,soft
sdfd47850@docs.360ezzz.com,ThomasPlOH,,1,soft
donaldivory@mail.ru,DonaldIvoryAL,,1,hard
vtck42957@hit.mistrioni.com,TyronekaniVR,,2,soft
judeprins@local.farthy.com,Jude,Prins,2,soft
launa-lloyd9250@aero.cogmailbox.com,Launa,Lloyd,1,soft
samspaull@local.farthy.com,Sam,Spaull,2,soft
manfudik@yandex.com,HarlintirlYY,,1,soft
melvin@bromailservice.xyz,MelvinklGC,,1,soft
evanlynas@local.farthy.com,Evan,Lynas,2,soft
yulya-repina-84@mail.ru,GambalronaVW,,1,hard
biklafet@yandex.com,ArthudsiTR,,1,soft
krystlemontes30@local.farthy.com,Krystle,Montes,2,soft
mariannejulia@local.farthy.com,Marianne,Julia,2,soft
adellpaulsen@local.farthy.com,Adell,Paulsen,2,soft
cool.coolnjmgh1997@yandex.ru,KelvinKiVE,,1,soft
vwjp28124@men.piquate.com,JordanoiDY,,1,soft
uvwj38767@docs.360ezzz.com,JosephGatOY,,1,soft
jhaw79611@men.piquate.com,DonaldElZB,,1,soft
amoszouch43@local.farthy.com,Amos,Zouch,2,soft
mannonein@mail.ru,MannonmnNO,,1,hard
onpc48307@docs.360ezzz.com,MichaelnoxJO,,1,soft
utxg31917@men.piquate.com,MichaelNurnGE,,1,soft
victorinawaterman56@local.farthy.com,Victorina,Waterman,2,soft
qzgm41829@men.piquate.com,JordancoksTR,,1,soft
lsjs4307@men.piquate.com,WalterEaJI,,1,soft
dillonchery@local.farthy.com,Dillon,Chery,2,soft
cbabanrads@mail.ru,,,1,hard
wwkk25181@men.piquate.com,RichardVonVU,,1,soft
ascabfdbdfb@hanulko.eu,Antoinette,Burgos,1,soft
dedluc1d8x@bseomail.com,VicfsoofxQN,,1,soft
admb69411@hit.mistrioni.com,RonaldpnLJ,,2,soft
ksanfbobrov86@yandex.com,klpiknErEnZP,,1,soft
adiyaqo.peters2016@yandex.ua,MoriartyHonsBG,,1,soft
victorlon@mail.ru,VictormiCD,,1,hard
jhdt13689@men.piquate.com,RichardGopFS,,1,soft
tdmt61389@men.piquate.com,HerbertwemXW,,1,soft
jkarowalio@mail.ru,,,1,hard
davidfen@yandex.com,DavidsoawsGY,,2,soft
florianhodgson@local.farthy.com,Florian,Hodgson,2,soft
slawomir2k16@gmail.com,EdwardnoutLA,,2,soft
domalaxuh.wood@ya.ru,ShaquitaHonsBG,,1,soft
helenanisk@mail.ru,HelenweagsPL,,1,hard
panding@allairjordan.co.uk,HeaodetratsFQ,,1,soft
hcgq92613@men.piquate.com,JordanolLF,,1,soft
ggqjnn8v8t@bseomail.com,VicrybuorQN,,1,soft
treserlens@yandex.com,MonicasashYJ,,1,soft
ernestinamcdonnell73@dust.islaby.com,Ernestina,McDonnell,1,soft
lqgd75152@hit.mistrioni.com,EdwardHopeAB,,2,soft
ardendale@local.farthy.com,Arden,Dale,2,soft
medtmoro@yandex.com,KalMichaelkilaMX,,1,soft
marlysalonzo2@eu.360ezzz.com,Marlys,Alonzo,1,soft
garlandtims@local.farthy.com,Garland,Tims,2,soft
cool.coolnjmgh1996@yandex.ru,JefferyRotQU,,1,soft
gcnd74779@men.piquate.com,RichardOtDJ,,1,soft
christoperspear@local.farthy.com,Christoper,Spear,2,soft
charlesminnick43@nerd.krabbed.com,Charles,Minnick,1,soft
rubio88@adrajapancharitychor.com,ofivup,,1,soft
topicsarnold@qip.ru,ArnoldRernID,,1,soft
zacharyon@mail.ru,ZacharyWeewDW,,1,hard
gzvz66371@men.piquate.com,RichardkiRT,,1,soft
iwwv64308@men.piquate.com,DanielonJX,,1,soft
bonnycausey70@local.farthy.com,Bonny,Causey,2,soft
viktorshgosu@mail.ru,Julienne,Scarborough,1,hard
parvtav@yandex.ru,pkdfmkgatYI,,2,soft
fbht87743@men.piquate.com,DarrenzeRyTG,,1,soft
michaelkinggarden@yandex.com,Jerilyn,Decosta,2,soft
meme123@ccxpnthu2.pw,RonaldScetWI,,1,soft
mikel.madesen@mail.ru,,,1,hard
buklamof@yandex.com,FalwinOrZJ,,1,soft
zuax90888@men.piquate.com,KennethpupsQV,,1,soft
jocelynlade@local.farthy.com,Jocelyn,Lade,2,soft
raymondhawk25@local.farthy.com,Raymond,Hawk,2,soft
tammiemendelsohn@local.farthy.com,Tammie,Mendelsohn,2,soft
eddyjax@gmx.us,EddiJibQF,,2,soft
lysakovskiy.grisha@mail.ru,Reyes,McGuigan,1,hard
ryanrestrepo@local.farthy.com,Ryan,Restrepo,2,soft
oswv16216@docs.360ezzz.com,WilliamonGA,,1,soft
yaarveots.slaviknikolaev@yandex.com,CelestesaHO,,1,soft
hgcu10416@men.piquate.com,LeonarderKS,,1,soft
okhw17750@men.piquate.com,ThomasTupED,,1,soft
vcqe71846@men.piquate.com,GenaroKlPL,,1,soft
robertvit@mail.ru,RobertglocaIF,,1,hard
melodeehutchinson41@local.farthy.com,Melodee,Hutchinson,2,soft
szqh32408@men.piquate.com,RonaldfugQT,,1,soft
kkoamarde@mail.ru,,,1,hard
stepanw7washc@mail.ru,Elyse,Leroy,1,hard
chastitysherrard@local.farthy.com,Chastity,Sherrard,2,soft
shabliewsckaya.magomednabi@yandex.com,CrystalPiWW,,1,soft
excr82784@men.piquate.com,ArthurcibQV,,1,soft
jacquelinestapleton@eu.360ezzz.com,Jacqueline,Stapleton,1,soft
minzadis@yandex.com,BramleylibGW,,2,soft
binzadil@yandex.com,SilliamSiPW,,1,soft
dissertationsjoseph@qip.ru,JosephsyncNE,,1,soft
vrrk98007@men.piquate.com,LeonardflagAK,,1,soft
thomasunilk@mail.ru,ThomasgooreET,,1,hard
yuwants@yandex.com,MelodylonaQI,,1,soft
edwardRath@red.bgchan.net,EdwardsexSF,,1,soft
quke99256@docs.360ezzz.com,MichaelRallME,,1,soft
inasnyder85@local.farthy.com,Ina,Snyder,2,soft
gerardorobles74@local.farthy.com,Gerardo,Robles,2,soft
hallehosinevef@yandex.com.tr,LauderdaleHonsBG,,1,soft
jgererea@mail.ru,,,1,hard
tototocutugno@theprivateemail.com,TototoCutugnoCJ,,2,soft
cool.coolnjmgh2012@yandex.ru,RodneygokyHR,,1,soft
curbannsad@mail.ru,,,1,hard
noahtiegs@local.farthy.com,Noah,Tiegs,2,soft
fvaw14804@docs.360ezzz.com,RichardscewZS,,1,soft
eddieGon@ten.bgchan.net,EddieLupsIY,,1,soft
dawnfruehauf@local.farthy.com,Dawn,Fruehauf,2,soft
cyug7815@men.piquate.com,SamuelhibTZ,,1,soft
robslater91@local.farthy.com,Rob,Slater,2,soft
melvinBacemp@lightengroups.com,MelvinolMP,,1,soft
cool.coolnjmgh2011@yandex.ru,DennisklQZ,,1,soft
anauthorswayrichard@qip.ru,RichardeiJX,,1,soft
mpeh32332@dl.piquate.com,WesleyAporKG,,2,soft
kdmv52653@hit.mistrioni.com,StephenKlJJ,,2,soft
merrimachado39@local.farthy.com,Merri,Machado,2,soft
karinwhitney52@local.farthy.com,Karin,Whitney,2,soft
stanisl.rodniy2017@yandex.ru,WillieCagmaIA,,2,soft
kimfales@yandex.com,JimzytaxLY,,2,soft
pokz2074@hit.mistrioni.com,JeffreyliveLG,,2,soft
oyev94129@men.piquate.com,MichaelMtST,,1,soft
tsilazaina.chabaraka@yandex.com,ElaineOtBJ,,1,soft
kucuczes@mail.ru,,,1,hard
qolt40187@men.piquate.com,MichaelfarFX,,1,soft
a@beckygri.pw,HenryCJJH,,1,soft
hbcq68091@docs.360ezzz.com,BufordWabSZ,,1,soft
onlineandrew@qip.ru,AndrewOrQH,,2,soft
kenbednall@local.farthy.com,Ken,Bednall,2,soft
jkorolsoni@mail.ru,,,1,hard
kimlaget@yandex.com,BriazTetNA,,2,soft
jamikaherrington17@local.farthy.com,Jamika,Herrington,2,soft
capitalnicolas@qip.ru,NicolasfekQJ,,1,soft
hello@ccxpnthu2.pw,StevenOnZH,,1,soft
