"e m a i l","Member Rating","Bounce Type"
karinakp5@kilozeta.webmailious.top,1,soft
violetgb11@whiskeygolf.wollomail.top,1,soft
1002yey@xneopoczb.xyz,1,soft
1002theth@poczxneolinka.info,1,soft
1002yay@xneopoczb.xyz,1,soft
100ehbeh@poczxneolinka.info,1,soft
ass@gugas.eu,1,soft
wesleysp6@zulu.xray.livefreemail.top,1,soft
1002ycy@xneopoczb.xyz,1,soft
1002iei@poczxneolinka.info,1,soft
finestreleonardo@qip.ru,1,soft
gordonkr11@kilozeta.webmailious.top,1,soft
1003iai@xneopocza.xyz,1,soft
duaneyj11@zulu.xray.livefreemail.top,1,soft
wanda@andrioto.com,1,soft
1000chech@poczxneolinka.info,1,soft
t.ole.k@morielasd.ovh,1,soft
1003thdth@xneopocza.xyz,1,soft
10theth@poczxneolinka.info,1,soft
helena@cbdlandia.pl,1,soft
bass@gugas.eu,1,soft
jilliandx60@omegaxray.thefreemail.top,1,soft
l.ic.h.e.rt.cen@gmail.com,1,soft
1003thtth@xneopocza.xyz,1,soft
1002thdth@poczxneolinka.info,1,soft
100ehaeh@poczxneolinka.info,1,soft
blanka@cbdlandia.pl,1,soft
leon@cbdlandia.pl,1,soft
fabian@cbdlandia.pl,1,soft
rosalindsx20@whiskeygolf.wollomail.top,1,soft
michaelkors92@wp.pl,1,hard
spaasasam@szczepanik14581.co.pl,1,soft
1003yey@xneopocza.xyz,1,soft
1000ehbeh@poczxneolinka.info,1,soft
Tatiana1980@trawa.ovh,1,soft
1002theth@xneopoczb.xyz,1,soft
moru@iloasdd.ovh,1,soft
1002idi@poczxneolinka.info,1,soft
isla.prior@djpodgy.com,1,soft
zkgvqk@boris4x4.com,1,soft
stevenko3@quebecupsilon.thefreemail.top,1,soft
bartlomiej@cbdlandia.pl,1,soft
corrineps5@yankee.epsilon.coayako.top,1,soft
1002thath@poczxneolinka.info,1,soft
1000thtth@poczxneolinka.info,1,soft
1001idi@xneopoczb.xyz,1,soft
faithvb6@victorsierra.spithamail.top,1,soft
delmar5980@dleunek.eu,1,soft
evelyne-fredericks799@haicuneo.com,1,soft
tymoteusz@cbdlandia.pl,1,soft
oslanrughnev20143319@gmail.com,1,soft
nelsonxx11@zulu.xray.livefreemail.top,1,soft
charliejz5@epsilonzulu.webmailious.top,1,soft
daisygb2@kilozeta.webmailious.top,1,soft
sebastian@cbdlandia.pl,1,soft
jakub@cbdlandia.pl,1,soft
leoxw2@lima.zulu.webmailious.top,1,soft
dominik@cbdlandia.pl,1,soft
rfcany@boris4x4.com,1,soft
chi.gillespie385@djpodgy.com,1,soft
romek@obudowy-ex.top,1,soft
romek@novitus-deon-e.top,1,soft
10thdth@poczxneolinka.info,1,soft
1004chach@xneopocza.xyz,1,soft
100chbch@poczxneolinka.info,1,soft
feliciapw6@omegaxray.thefreemail.top,1,soft
deidreel11@yankee.epsilon.coayako.top,1,soft
t.olek@morielasd.ovh,1,soft
1002ibi@xneopoczb.xyz,1,soft
gailoe16@victorsierra.spithamail.top,1,soft
gwenxc7@yankee.epsilon.coayako.top,1,soft
1003thath@xneopocza.xyz,1,soft
marcelynspinella125@mail.ru,1,hard
orawd16@whiskeygolf.wollomail.top,1,soft
kamilanikodem.96@wp.pl,1,hard
je.ram209ddz@gmail.com,1,soft
michalina@cbdlandia.pl,1,soft
deannexp1@yankee.epsilon.coayako.top,1,soft
akokyqiw@mfsa.ru,1,soft
1003yby@xneopocza.xyz,1,soft
1003ydy@xneopocza.xyz,1,soft
1003geg@xneopocza.xyz,1,soft
null@shitheadmedia.online,1,hard
