post_id,topic_id,post_number,link,name,created_at,updated_at,reminder_type,reminder_at,reminder_last_sent_at,reminder_set_at,auto_delete_preference
6807,2365,1,https://discuss.write.as/t/coming-soon-rich-media-embeds-on-write-as/2365/1,,2021-03-01 13:28:13 UTC,2021-03-01 13:28:13 UTC,,,,,never
476,218,1,https://discuss.write.as/t/animated-gif-support-in-snap-as/218/1,,2021-03-01 13:28:13 UTC,2021-03-01 13:28:13 UTC,,,,,never
2455,401,39,https://discuss.write.as/t/share-what-you-are-working-on-and-using/401/39,,2021-03-01 13:28:13 UTC,2021-03-01 13:28:13 UTC,,,,,never
5650,1890,1,https://discuss.write.as/t/net-core-client-for-the-write-as-api/1890/1,,2021-03-01 13:28:13 UTC,2021-03-01 13:28:13 UTC,,,,,never
4640,401,109,https://discuss.write.as/t/share-what-you-are-working-on-and-using/401/109,,2021-03-01 13:28:13 UTC,2021-03-01 13:28:13 UTC,,,,,never
4989,1646,1,https://discuss.write.as/t/web-monetization/1646/1,,2021-03-01 13:28:13 UTC,2021-03-01 13:28:13 UTC,,,,,never
1190,440,1,https://discuss.write.as/t/subscription-via-email-and-maybe-option-to-subscribe-to-paid-content/440/1,,2021-03-01 13:28:13 UTC,2021-03-01 13:28:13 UTC,,,,,never
2226,762,1,https://discuss.write.as/t/put-footnotes-in-blog-posts/762/1,,2021-03-01 13:28:13 UTC,2021-03-01 13:28:13 UTC,,,,,never
2041,721,1,https://discuss.write.as/t/writing-collaboration-tools-to-fill-the-gap-before-draft-as/721/1,,2021-03-01 13:28:13 UTC,2021-03-01 13:28:13 UTC,,,,,never
1786,640,1,https://discuss.write.as/t/about-pointing-to-another-page/640/1,,2021-03-01 13:28:13 UTC,2021-03-01 13:28:13 UTC,,,,,never
1033,396,1,https://discuss.write.as/t/godaddy-settings-for-domain/396/1,,2021-03-01 13:28:13 UTC,2021-03-01 13:28:13 UTC,,,,,never
1028,393,1,https://discuss.write.as/t/remove-write-as-branding-from-footers/393/1,,2021-03-01 13:28:13 UTC,2021-03-01 13:28:13 UTC,,,,,never
6931,2425,1,https://discuss.write.as/t/rich-media-embeds/2425/1,"",2021-03-24 14:32:08 UTC,2021-03-24 14:32:08 UTC,,,,2021-03-24 14:32:08 UTC,never
7803,2788,1,https://discuss.write.as/t/office-hours-for-writefreely-swift-projects/2788/1,"",2021-05-03 20:08:24 UTC,2021-05-03 20:08:24 UTC,,,,2021-05-03 20:08:24 UTC,never
7886,2832,1,https://discuss.write.as/t/remark-as-introducing-private-letters/2832/1,"",2021-05-05 02:16:14 UTC,2021-05-05 02:16:14 UTC,,,,2021-05-05 02:16:14 UTC,never
61,25,3,https://discuss.write.as/t/remark-as-privacy-first-portable-comments/25/3,,2021-05-05 22:41:02 UTC,2021-05-05 22:41:02 UTC,,,,2021-05-05 22:41:02 UTC,never
7892,2834,2,https://discuss.write.as/t/issues-with-header-images/2834/2,,2021-05-06 22:59:38 UTC,2021-05-06 22:59:38 UTC,,,,2021-05-06 22:59:38 UTC,never
8222,2996,1,https://discuss.write.as/t/webfonts/2996/1,"",2021-06-21 19:12:44 UTC,2021-06-21 19:12:44 UTC,,,,2021-06-21 19:12:44 UTC,never
8288,3043,1,https://discuss.write.as/t/i-created-a-dark-theme-for-write-as/3043/1,"",2021-06-25 01:13:09 UTC,2021-06-25 01:13:09 UTC,,,,2021-06-25 01:13:09 UTC,never
