{
    "user_badges":[],
    "user":{
        "id":193,
        "username":"DavidBlue",
        "avatar_template":"/user_avatar/discuss.write.as/davidblue/{size}/258_2.png",
        "email":"davidblue@extratone.com",
        "secondary_emails":[
            "asphaltapostle@icloud.com"
        ],
        "unconfirmed_emails":[],
        "last_posted_at":"2021-07-21T19:36:06.226Z",
        "last_seen_at":"2021-07-27T21:43:01.777Z",
        "created_at":"2019-05-02T08:39:09.874Z",
        "ignored":false,
        "muted":false,
        "can_ignore_user":false,
        "can_mute_user":false,
        "can_send_private_messages":true,
        "can_send_private_message_to_user":false,
        "trust_level":2,
        "moderator":false,
        "admin":false,
        "title":"",
        "badge_count":0,
        "custom_fields":{},
        "time_read":15405,
        "recent_time_read":2183,
        "primary_group_id":null,
        "primary_group_name":null,
        "primary_group_flair_url":null,
        "primary_group_flair_bg_color":null,
        "primary_group_flair_color":null,
        "featured_topic":{
            "id":2831,
            "title":"Write.as/WriteFreely Community Discord!",
            "last_posted_at":"2021-05-16T01:17:34.068Z",
            "created_at":"2021-05-04T17:10:56.718Z",
            "updated_at":"2021-05-16T01:17:34.139Z",
            "views":233,
            "posts_count":5,
            "user_id":193,
            "last_post_user_id":119,
            "reply_count":2,
            "featured_user1_id":null,
            "featured_user2_id":null,
            "featured_user3_id":null,
            "deleted_at":null,
            "highest_post_number":5,
            "like_count":5,
            "incoming_link_count":9,
            "category_id":10,
            "visible":true,
            "moderator_posts_count":0,
            "closed":false,
            "archived":false,
            "bumped_at":"2021-05-16T01:17:34.068Z",
            "has_summary":false,
            "archetype":"regular",
            "featured_user4_id":null,
            "notify_moderators_count":0,
            "spam_count":0,
            "pinned_at":null,
            "score":41.36,
            "percent_rank":1.0,
            "subtype":null,
            "slug":"write-as-writefreely-community-discord",
            "deleted_by_id":null,
            "participant_count":2,
            "word_count":475,
            "excerpt":"Hello, Community! \nI’m here to pull the trigger on the Discord server I’ve wanted to create with you for just about as long as I’ve been around. This project means a lot to me and I’d like to contribute in a substantial \u0026hellip;",
            "pinned_globally":false,
            "pinned_until":null,
            "fancy_title":"Write.as/WriteFreely Community Discord!",
            "highest_staff_post_number":5,
            "featured_link":null,
            "reviewable_score":0.0,
            "image_upload_id":null,
            "slow_mode_seconds":0,
            "current_user_voted":null
        },
        "bio_excerpt":"From \u003ca href=\"https://write.as/community/chat-with-david-blue\"\u003emy Writeas Community Interview\u003c/a\u003e in May 2020:\n\nI started an online magazine four years ago originally on WordPress. I thought I knew something about web development, but honestly I did not. It ended up becoming a fixation on trying to make something technically different from what I’d seen done with WordPress, which detracted heavily from my Edi\u0026hellip;",
        "website":"https://bilge.world",
        "website_name":"bilge.world",
        "location":"Columbia, MO",
        "card_background_upload_url":"/uploads/default/original/1X/33001943a22c2046906ed80806a4a876b45f50dc.jpeg",
        "bio_raw":"From [**my Writeas Community Interview**](https://write.as/community/chat-with-david-blue) in May 2020:\n\n\u003eI started an online magazine four years ago originally on WordPress. I thought I knew something about web development, but honestly I did not. It ended up becoming a fixation on trying to make something _technically_ different from what I'd seen done with WordPress, which detracted heavily from my Editorial duties over the years. I'm on the OCD spectrum so I just couldn't let it go. I spent thousands of hours fiddling with different themes and formatting within those themes, and what I ended up with was a mess. I would make changes that would break old posts, so I'd go back and fix those, only to make more changes days/weeks/months later and have to go back again. I'd known vaguely about Markdown, but it wasn't until it was mentioned in the WordPress dev Slack that I really considered it seriously as a way out of what I'd been doing. I realized that its inherit limitations were actually very good for me – that I needed a limited system to constrain my workflow to keep myself on task. Finally, in late-2018, I started to convert our old content to Markdown and essentially haven't looked back since.",
        "bio_cooked":"\u003cp\u003eFrom \u003ca href=\"https://write.as/community/chat-with-david-blue\"\u003e\u003cstrong\u003emy Writeas Community Interview\u003c/strong\u003e\u003c/a\u003e in May 2020:\u003c/p\u003e\n\u003cblockquote\u003e\n\u003cp\u003eI started an online magazine four years ago originally on WordPress. I thought I knew something about web development, but honestly I did not. It ended up becoming a fixation on trying to make something \u003cem\u003etechnically\u003c/em\u003e different from what I’d seen done with WordPress, which detracted heavily from my Editorial duties over the years. I’m on the OCD spectrum so I just couldn’t let it go. I spent thousands of hours fiddling with different themes and formatting within those themes, and what I ended up with was a mess. I would make changes that would break old posts, so I’d go back and fix those, only to make more changes days/weeks/months later and have to go back again. I’d known vaguely about Markdown, but it wasn’t until it was mentioned in the WordPress dev Slack that I really considered it seriously as a way out of what I’d been doing. I realized that its inherit limitations were actually very good for me – that I needed a limited system to constrain my workflow to keep myself on task. Finally, in late-2018, I started to convert our old content to Markdown and essentially haven’t looked back since.\u003c/p\u003e\n\u003c/blockquote\u003e",
        "can_edit":true,
        "can_edit_username":true,
        "can_edit_email":true,
        "can_edit_name":false,
        "uploaded_avatar_id":258,
        "has_title_badges":false,
        "pending_count":0,
        "profile_view_count":174,
        "second_factor_enabled":false,
        "second_factor_backup_enabled":false,
        "associated_accounts":[
            {
                "name":"github",
                "description":"davidblue@extratone.com"
            },
            {
                "name":"oauth2_basic",
                "description":"davidblue@extratone.com"
            }
        ],
        "profile_background_upload_url":"/uploads/default/original/1X/b1cb2799aa82a3865700da39351f1017561c0947.jpeg",
        "can_upload_profile_header":true,
        "can_upload_user_card_background":true,
        "locale":"en",
        "muted_category_ids":[],
        "regular_category_ids":[],
        "watched_tags":[],
        "watching_first_post_tags":[],
        "tracked_tags":[],
        "muted_tags":[],
        "tracked_category_ids":[],
        "watched_category_ids":[
            17,
            21
        ],
        "watched_first_post_category_ids":[],
        "system_avatar_upload_id":null,
        "system_avatar_template":"/letter_avatar_proxy/v4/letter/d/5e9695/{size}.png",
        "gravatar_avatar_upload_id":258,
        "gravatar_avatar_template":"/user_avatar/discuss.write.as/davidblue/{size}/258_2.png",
        "custom_avatar_upload_id":282,
        "custom_avatar_template":"/user_avatar/discuss.write.as/davidblue/{size}/282_2.png",
        "muted_usernames":[],
        "ignored_usernames":[],
        "allowed_pm_usernames":[],
        "mailing_list_posts_per_day":4,
        "can_change_bio":true,
        "can_change_location":true,
        "can_change_website":true,
        "user_api_keys":[
            {
                "id":17,
                "application_name":"Discourse - Jorts",
                "scopes":[
                    "Read and clear notifications",
                    "Read user session info",
                    "Create a one-time login token"
                ],
                "created_at":"2021-04-03T06:02:45.565Z",
                "last_used_at":"2021-07-13T18:00:53.447Z"
            },
            {
                "id":18,
                "application_name":"Fig - Jorts",
                "scopes":[
                    "Read and clear notifications",
                    "Read user session info",
                    "Write all"
                ],
                "created_at":"2021-05-31T16:51:09.356Z",
                "last_used_at":"2021-07-27T21:42:46.533Z"
            }
        ],
        "user_auth_tokens":[
            {
                "id":2561,
                "client_ip":"104.166.200.131",
                "location":"unknown",
                "browser":"DiscourseHub app",
                "device":"unknown device",
                "os":"iOS",
                "icon":"fab-apple",
                "created_at":"2021-04-03T06:02:51.202Z",
                "seen_at":"2021-07-13T17:26:20.956Z"
            },
            {
                "id":2781,
                "client_ip":"172.17.0.1",
                "location":"unknown",
                "browser":"Microsoft Edge",
                "device":"Windows Computer",
                "os":"Microsoft Windows",
                "icon":"fab-windows",
                "created_at":"2021-06-09T18:04:35.094Z",
                "seen_at":"2021-06-29T16:44:00.083Z"
            },
            {
                "id":2768,
                "client_ip":"172.17.0.1",
                "location":"unknown",
                "browser":"Microsoft Edge",
                "device":"Windows Computer",
                "os":"Microsoft Windows",
                "icon":"fab-windows",
                "created_at":"2021-06-05T19:21:18.293Z",
                "seen_at":"2021-06-05T19:21:18.394Z"
            },
            {
                "id":2969,
                "client_ip":"172.17.0.1",
                "location":"unknown",
                "browser":"Google Chrome",
                "device":"Windows Computer",
                "os":"Microsoft Windows",
                "icon":"fab-windows",
                "created_at":"2021-07-21T21:36:46.044Z",
                "seen_at":"2021-07-21T21:36:46.151Z"
            },
            {
                "id":2469,
                "client_ip":"172.17.0.1",
                "location":"unknown",
                "browser":"Google Chrome",
                "device":"Windows Computer",
                "os":"Microsoft Windows",
                "icon":"fab-windows",
                "created_at":"2021-03-08T22:44:51.122Z",
                "seen_at":"2021-03-08T22:44:51.122Z"
            },
            {
                "id":2337,
                "client_ip":"104.166.200.131",
                "location":"unknown",
                "browser":"Safari",
                "device":"iPhone",
                "os":"iOS",
                "icon":"fab-apple",
                "created_at":"2021-02-05T02:18:44.464Z",
                "seen_at":"2021-07-27T21:43:02.074Z"
            },
            {
                "id":2678,
                "client_ip":"104.166.200.131",
                "location":"unknown",
                "browser":"Google Chrome",
                "device":"Windows Computer",
                "os":"Microsoft Windows",
                "icon":"fab-windows",
                "created_at":"2021-05-04T02:38:37.781Z",
                "seen_at":"2021-05-27T22:52:13.110Z"
            },
            {
                "id":2947,
                "client_ip":"104.166.200.131",
                "location":"unknown",
                "browser":"Microsoft Edge",
                "device":"Windows Computer",
                "os":"Microsoft Windows",
                "icon":"fab-windows",
                "created_at":"2021-07-18T08:25:51.485Z",
                "seen_at":"2021-07-18T08:25:51.576Z"
            }
        ],
        "user_notification_schedule":{
            "enabled":false,
            "day_0_start_time":480,
            "day_0_end_time":1020,
            "day_1_start_time":480,
            "day_1_end_time":1020,
            "day_2_start_time":480,
            "day_2_end_time":1020,
            "day_3_start_time":480,
            "day_3_end_time":1020,
            "day_4_start_time":480,
            "day_4_end_time":1020,
            "day_5_start_time":480,
            "day_5_end_time":1020,
            "day_6_start_time":480,
            "day_6_end_time":1020
        },
        "reminders_frequency":[
            {
                "name":"discourse_assign.reminders_frequency.never",
                "value":0
            },
            {
                "name":"discourse_assign.reminders_frequency.daily",
                "value":1440
            },
            {
                "name":"discourse_assign.reminders_frequency.weekly",
                "value":10080
            },
            {
                "name":"discourse_assign.reminders_frequency.monthly",
                "value":43200
            },
            {
                "name":"discourse_assign.reminders_frequency.quarterly",
                "value":129600
            }
        ],
        "featured_user_badge_ids":[],
        "invited_by":null,
        "groups":[
            {
                "id":10,
                "automatic":true,
                "name":"trust_level_0",
                "display_name":"trust_level_0",
                "user_count":896,
                "mentionable_level":0,
                "messageable_level":0,
                "visibility_level":1,
                "primary_group":false,
                "title":null,
                "grant_trust_level":null,
                "has_messages":false,
                "flair_url":null,
                "flair_bg_color":null,
                "flair_color":null,
                "bio_cooked":null,
                "bio_excerpt":null,
                "public_admission":false,
                "public_exit":false,
                "allow_membership_requests":false,
                "full_name":null,
                "default_notification_level":3,
                "membership_request_template":null,
                "members_visibility_level":0,
                "can_see_members":true,
                "publish_read_state":false
            },
            {
                "id":11,
                "automatic":true,
                "name":"trust_level_1",
                "display_name":"trust_level_1",
                "user_count":439,
                "mentionable_level":0,
                "messageable_level":0,
                "visibility_level":1,
                "primary_group":false,
                "title":null,
                "grant_trust_level":null,
                "has_messages":false,
                "flair_url":null,
                "flair_bg_color":null,
                "flair_color":null,
                "bio_cooked":null,
                "bio_excerpt":null,
                "public_admission":false,
                "public_exit":false,
                "allow_membership_requests":false,
                "full_name":null,
                "default_notification_level":3,
                "membership_request_template":null,
                "members_visibility_level":0,
                "can_see_members":true,
                "publish_read_state":false
            },
            {
                "id":12,
                "automatic":true,
                "name":"trust_level_2",
                "display_name":"trust_level_2",
                "user_count":64,
                "mentionable_level":0,
                "messageable_level":0,
                "visibility_level":1,
                "primary_group":false,
                "title":null,
                "grant_trust_level":null,
                "has_messages":false,
                "flair_url":null,
                "flair_bg_color":null,
                "flair_color":null,
                "bio_cooked":null,
                "bio_excerpt":null,
                "public_admission":false,
                "public_exit":false,
                "allow_membership_requests":false,
                "full_name":null,
                "default_notification_level":3,
                "membership_request_template":null,
                "members_visibility_level":0,
                "can_see_members":true,
                "publish_read_state":false
            }
        ],
        "group_users":[
            {
                "group_id":10,
                "user_id":193,
                "notification_level":3,
                "owner":false
            },
            {
                "group_id":11,
                "user_id":193,
                "notification_level":3,
                "owner":false
            },
            {
                "group_id":12,
                "user_id":193,
                "notification_level":3,
                "owner":false
            }
        ],
        "user_option":{
            "user_id":193,
            "mailing_list_mode":false,
            "mailing_list_mode_frequency":1,
            "email_digests":false,
            "email_level":1,
            "email_messages_level":0,
            "external_links_in_new_tab":true,
            "color_scheme_id":null,
            "dark_scheme_id":-1,
            "dynamic_favicon":false,
            "enable_quoting":true,
            "enable_defer":false,
            "digest_after_minutes":null,
            "automatically_unpin_topics":false,
            "auto_track_topics_after_msecs":240000,
            "notification_level_when_replying":2,
            "new_topic_duration_minutes":2880,
            "email_previous_replies":2,
            "email_in_reply_to":true,
            "like_notification_frequency":1,
            "include_tl0_in_digests":false,
            "theme_ids":[
                3
            ],
            "theme_key_seq":4,
            "allow_private_messages":true,
            "enable_allowed_pm_users":false,
            "homepage_id":null,
            "hide_profile_and_presence":true,
            "text_size":"normal",
            "text_size_seq":0,
            "title_count_mode":"notifications",
            "timezone":"America/Chicago",
            "skip_new_user_tips":true
        }
    }
}
