"e m a i l","Member Rating"
ethanflintt@gmail.com,3
kelly@jmglasses-design.com,1
insireper1988@hotmail.com,2
karinakp5@kilozeta.webmailious.top,1
griodin14@gmail.com,2
violetgb11@whiskeygolf.wollomail.top,1
1002yey@xneopoczb.xyz,1
bosydhosard@gmail.com,1
wojarmarcin@gmail.com,2
amburg.eduard3c6@mail.ru,1
a.u.s.t.r.a.l.i.anbabymen1995@gmail.com,2
drucilla.leflore30@yahoo.com,1
karcioszkagoszka@gmail.com,2
pawelsssdwq@gmail.com,2
kemybuc@bk.ru,1
aniamilekwi@gmail.com,2
a.u.c.tio.nt.o.p.tip.s@gmail.com,1
leonard.havier2016@gmail.com,2
wiseau@live.com,2
cositoroz1986@gmx.com,1
rialeusweeton1979@hotmail.com,2
a.u.c.tiont.optips@gmail.com,1
1002theth@poczxneolinka.info,1
Timothycrossno@gmail.com,2
1002yay@xneopoczb.xyz,1
zanda44cqe@mail.ru,2
100ehbeh@poczxneolinka.info,1
Bernadeta34@mastert.pl,1
natasaxt@mail.ru,1
tropitmire1975@hotmail.com,2
svilarndurte1973@hotmail.com,2
ass@gugas.eu,1
kyurchi.diana@mail.ru,1
wesleysp6@zulu.xray.livefreemail.top,1
binzamer@yandex.com,1
monitorkomokrkow@gmail.com,2
ebyrez@yandex.com,2
u.mnot.oori.st2000@gmail.com,2
gaceaddlyjames@gmail.com,2
basim.yaackobi@yandex.com,1
1002ycy@xneopoczb.xyz,1
nastasya.gaysha.88@mail.ru,1
rokuxisejy@bk.ru,1
drold@hotmail.com,2
maureenbrazilexsq@yahoo.com,2
d.v.or.ko.v.i.c.h.dm.i.tr.i.y.78@gmail.com,2
l.khripakov@mail.ru,1
ivanalaro@mail.ru,1
pichui6886086@tom.com,1
lsenfy@outlook.com,2
1002iei@poczxneolinka.info,1
TakedaTux@outlook.com,2
jacinto_stratton28@carlow.housecleaningguides.com,2
finestreleonardo@qip.ru,1
qaqyzozom@list.ru,1
Wioleta34@mastert.pl,1
gordonkr11@kilozeta.webmailious.top,1
leonardhavier2016@gmail.com,2
ira.7z2@mail.ru,1
flagimousver1975@hotmail.com,2
1003iai@xneopocza.xyz,1
czerakpaula@gmail.com,2
kalinamalinowa@gmail.com,2
kas.bieniek@prokonto.pl,1
appislamont@gmail.com,2
pifyyacopypi@bk.ru,1
tremainrydellxff@yahoo.com,2
inHISLovedave@gmail.com,3
arnette_grenda@magetrust.com,1
krzysarqel@gmail.com,2
je.ram209dd@gmail.com,2
caklefit@yandex.com,1
areyoutherenina@gmail.com,3
tiongensjohn@gmail.com,2
biqayovobe@bk.ru,1
ada.pitko@mail.ru,1
alek.sandr.bl.ok.58@gmail.com,1
charming520pnmem@mail.ru,1
loren-marion@magetrust.com,1
lannytyndall@outlook.com,2
gleb.solev.83@mail.ru,1
eviarebusiyuv@yahoo.com,2
ydybecovemaky@list.ru,1
duaneyj11@zulu.xray.livefreemail.top,1
crazyhooligin@gmail.com,3
abbey.speegle491@alicemchard.com,2
tera.hubbs23@magetrust.com,1
blosumcofbi1972@hotmail.com,2
lelandforst437@mail.ru,1
voytsekhovich1970@mail.ru,1
maksim.golopolosov.2016@gmail.com,2
mariopetruchelli2016@gmail.com,2
qgmwii@sina.com,2
hownsichjames@gmail.com,2
tolpekina.1975@mail.ru,1
maddy7889@gmail.com,3
banfoler@yandex.com,1
wanda@andrioto.com,1
aridathacubitouby@yahoo.com,2
butmichal770@gmail.com,2
drudgebuhy@hotmail.com,2
pawelskleww@gmail.com,2
1000chech@poczxneolinka.info,1
soncmarmayrie1989@hotmail.com,2
t.ole.k@morielasd.ovh,1
1003thdth@xneopocza.xyz,1
mymainacc1@yandex.com,1
valentinebernard@bk.ru,1
emily.e.waters@gmail.com,3
sxsmmmmy@mail.ru,1
mojednikoniec@gmail.com,2
ssxsaassacx@mail.ru,1
ihadtopee@gmail.com,4
tasoqijybu@bk.ru,1
annethracks69@gmail.com,2
10theth@poczxneolinka.info,1
klaus.sifford@carlow.housecleaningguides.com,2
k.ewa2761984@prokonto.pl,1
noxnadado1973@hotmail.com,2
zubashchenko1976@mail.ru,1
coringlinkey1980@hotmail.com,2
mommilitia@gmail.com,2
minzaverjames@gmail.com,2
v.ise.n.t.e.hi.n.d@gmail.com,2
yyoyzsxw3i@mail.ru,1
tolik.shevakin.96@mail.ru,1
monika.woja@tlen.pl,1
annett.santora@magetrust.com,1
dwight_weinman62@magetrust.com,1
mogrerasound1978@hotmail.com,2
lina.vorobeva.69@mail.ru,1
abramsonalexa1998@list.ru,1
diegozapa2018@gmail.com,1
iciwehoceb@bk.ru,1
avohiyiyul@mail.ru,1
ben_zadow91@magetrust.com,1
helena@cbdlandia.pl,1
para.k.shi.nak.ak.iy.89@gmail.com,2
squidgirlsar@gmail.com,2
erynadell@gmail.com,3
bass@gugas.eu,1
elong0092@gmail.com,4
damian.kleks@vip.onet.pl,1
alonacarbo@mail.ru,1
prorywillie@gmail.com,2
feodosiyafedorova85@mail.ru,2
decalibiv@list.ru,1
mancamahin1985@hotmail.com,2
tomulmalo1973@hotmail.com,2
drohrafi@gmail.com,2
jilliandx60@omegaxray.thefreemail.top,1
shemirsean@gmail.com,2
bloolhalsdownkal1981@hotmail.com,2
scarlett.jonas68@carlow.housecleaningguides.com,2
ulunmadi1976@hotmail.com,2
l.ic.h.e.rt.cen@gmail.com,1
1003thtth@xneopocza.xyz,1
yinzeguo@gmail.com,1
uritiya@bk.ru,1
allanungerland865@mail.ru,1
scikks@sina.com,2
Wladyslawa34@mastert.pl,1
arlinebef@mail.ru,2
Glarro@mac.com,2
andrexslayer@hotmail.com,2
milimenback1984@gmx.com,1
olywytosafa@list.ru,1
1002thdth@poczxneolinka.info,1
eg.orfomin19.7.5@gmail.com,2
patryk.fraus@o2.pl,1
cora_marshburn@alicemchard.com,2
bambiarcamsj@yahoo.com,2
100ehaeh@poczxneolinka.info,1
petrakoj@yandex.com,1
device.hoisted52@yahoo.com,1
dyubkos@mail.ru,1
bl.o.pre.tipo.lk.o.b.iz@gmail.com,2
blanka@cbdlandia.pl,1
leon@cbdlandia.pl,1
allinaballantynefnu@yahoo.com,2
fabian@cbdlandia.pl,1
segalaqavar@hotmail.com,2
woximawajixov@inbox.ru,1
rosalindsx20@whiskeygolf.wollomail.top,1
mihmnop@gmail.com,2
tithatlodeg1987@hotmail.com,2
imogenlockhart1@outlook.com,2
eleutherios@extratone.com,1
sxsasmmy@mail.ru,1
udunoqy@yandex.com,1
soykysxm@mail.ru,1
trananerer1985@hotmail.com,2
michaelkors92@wp.pl,1
martadepta82@gmail.com,2
diaturiworl1987@hotmail.com,2
spaasasam@szczepanik14581.co.pl,1
borya_rzaev@mail.ru,1
margalitblalackgcm@yahoo.com,2
nataliya@m9so.ru,1
maksimgolopolosov2016@gmail.com,2
vyjawojyd@mail.ru,1
trafficpowerlinereviewplj@mail.ru,1
zovistograt@gmail.com,4
iryfelaxy@inbox.ru,1
nibmalex@yandex.com,1
merri_robin10@magetrust.com,1
badlaserdog@gmail.com,2
liascanmigou1981@hotmail.com,2
geoteavelig1986@hotmail.com,2
1003yey@xneopocza.xyz,1
kasia.krawus@prokonto.pl,1
milchenko.gerasim@mail.ru,1
thorprincipato@yahoo.com,1
j.i.ml.a.r.d.nal.o@gmail.com,1
damien.vegera@interia.eu,1
awaywardbus@gmail.com,4
samplesman37@carlow.housecleaningguides.com,2
confdownsmokim1981@hotmail.com,2
Leontynak@kodb.pl,1
slgjocker12@gmail.com,2
marchikoff@gmail.com,2
a.rte.m.ko.v.a.lsk.y.8.1@gmail.com,2
otayusey@list.ru,1
1000ehbeh@poczxneolinka.info,1
robinbanks012@gmail.com,2
afo.nya.bel.gorod@gmail.com,2
obudowamala@gmail.com,2
Tatiana1980@trawa.ovh,1
kasia.krawus@go2.pl,1
1002theth@xneopoczb.xyz,1
a.r.s.e.niikov.al.e.v1.9.8.4@gmail.com,2
kalendarzpietnaszie@gmail.com,2
conceptionungaro307@mail.ru,1
chanel.red.pizza@gmail.com,1
joseph_milthaler@aol.com,1
inna.198232@mail.ru,1
wissaxsswaqqq@mail.ru,1
ecyceleludo@list.ru,1
moru@iloasdd.ovh,1
jennicwarrenlzvx@yahoo.com,1
1002idi@poczxneolinka.info,1
mogsirabor1988@hotmail.com,2
yablokowskaya.gawriil-zoltan@yandex.com,2
eleanore-catalan55@carlow.housecleaningguides.com,2
obudowakrutki@gmail.com,2
a.rk.adi.v.a.rp19.6.7@gmail.com,1
kalendarzklapek@gmail.com,2
isla.prior@djpodgy.com,1
joaquinmem@mail.ru,1
murapozzuoligxz@hotmail.com,1
kameshkov.15.j3@mail.ru,1
zkgvqk@boris4x4.com,1
tianaran521@mail.ru,1
gordonmartinez1993@bk.ru,1
samples33@carlow.housecleaningguides.com,2
monelakdariusz@gmail.com,2
mkt.v.i.e.t.kh.a.n.g@gmail.com,2
agebazug@yandex.com,2
stevenko3@quebecupsilon.thefreemail.top,1
k.ewa2761984@o2.pl,1
dzhugashvili86@mail.ru,1
bartlomiej@cbdlandia.pl,1
videoschecks@mail.ru,1
corrineps5@yankee.epsilon.coayako.top,1
mariyana.20p6@mail.ru,1
1002thath@poczxneolinka.info,1
1000thtth@poczxneolinka.info,1
bossman2009t@hotmail.com,2
1001idi@xneopoczb.xyz,1
faithvb6@victorsierra.spithamail.top,1
mario.vegaz@pisz.to,2
janis-fitz616@alicemchard.com,2
stokes827@gmail.com,2
delmar5980@dleunek.eu,1
jaykotomi@gmail.com,2
karcioszkaklapek@gmail.com,2
scredcharles@gmail.com,2
evelyne-fredericks799@haicuneo.com,1
adrian.wesolek@o2.pl,1
pukhomelina1995@mail.ru,1
assortisp@gmail.com,2
egorov.ae2018@yandex.ru,1
joannarnold6@outlook.com,2
kozelhmi@gmail.com,2
fiethedene1973@hotmail.com,2
defactojakto@gmail.com,2
sebakaljaca@gmail.com,2
martyna.palek@spoko.pl,2
ekovaleva79@yandex.ru,1
lorriefauro@mail.ru,1
bernardscedetr@mail.ru,1
leidacalrkgtnt@yahoo.com,1
afonya.bel.gor.o.d@gmail.com,2
maddieehicks@gmail.com,3
agataswearingerxhc@yahoo.com,2
addbornad@mail.ru,1
skoryatin.s@mail.ru,1
patryk.jankos@o2.pl,1
n.i.k.ola.yk.a.r.pov5.6@gmail.com,2
dreirscott@gmail.com,2
betseydennisrod@yahoo.com,2
afonyabel.gorod@gmail.com,2
tymoteusz@cbdlandia.pl,1
spaskoroci1984@hotmail.com,2
artur.1973.8@mail.ru,1
monniedroneyxqy@yahoo.com,2
janek.rataj@autograf.pl,1
af.onyabel.g.oro.d@gmail.com,2
flemenjon@gmail.com,2
jonsesila@gmail.com,2
hudipy@mailforspam.com,2
susan-wiedermann@alicemchard.com,2
gemidargi1970@hotmail.com,2
b.l.opre.tipo.l.kob.iz@gmail.com,2
oslanrughnev20143319@gmail.com,1
chickencoop3@gmx.com,1
patryk.fraus@prokonto.pl,1
monika.woja@go2.pl,1
marczakwertus@gmail.com,2
ilsecyfers290@mail.ru,1
nelsonxx11@zulu.xray.livefreemail.top,1
dawid.wiliss@o2.pl,1
trafficpowerlinereviewp@mail.ru,1
jeffnealey10@gmail.com,2
leonamuller2@outlook.com,2
aundrea_beer@magetrust.com,1
wonunotebod@list.ru,1
gayboybagve1978@gmx.com,1
nildahoosock832@mail.ru,1
marinovich1976@mail.ru,2
lynell.hollins@magetrust.com,1
caltalasfo1981@hotmail.com,2
charliejz5@epsilonzulu.webmailious.top,1
prowcitersenf1970@hotmail.com,2
k300wors@mail.ru,1
samples35@carlow.housecleaningguides.com,2
daisygb2@kilozeta.webmailious.top,1
runcilisea1988@hotmail.com,2
sershovskiy@gmail.com,2
susie-tims93@brantly6.ceramicsouvenirs.com,2
ililunam1976@hotmail.com,2
chickencoop2@gmx.com,1
1986.lizunova95@mail.ru,1
bunzolax@yandex.com,1
k.o.lo.v.ra.t.s1.9.7.8@gmail.com,2
sebastian@cbdlandia.pl,1
kremevruslan@gmail.com,1
jakub@cbdlandia.pl,1
williamei777@gmail.com,2
kamila.nikodem@wp.pl,1
robertkraskowsky@autograf.pl,1
leoxw2@lima.zulu.webmailious.top,1
ytakumodic@inbox.ru,1
hoze.ph.m.i@gmail.com,1
lolorate1974@hotmail.com,2
dominik@cbdlandia.pl,1
arturof2@mail.ru,1
rfcany@boris4x4.com,1
kaseylevequefxez@yahoo.com,1
darekkamoll@gmail.com,2
chi.gillespie385@djpodgy.com,1
margarettapockrustub@yahoo.com,2
vo.di.zh@gmail.com,2
oguvorosuven@mail.ru,1
stella79gibson@gmail.com,2
fellyasandrew@gmail.com,2
romek@obudowy-ex.top,1
romek@novitus-deon-e.top,1
haltandhoward@gmail.com,2
xanathsp@outlook.com,2
10thdth@poczxneolinka.info,1
1973.petrushechkingo@mail.ru,1
aniaweefe@gmail.com,2
zatyczkadouszu@gmail.com,3
1004chach@xneopocza.xyz,1
ycogeqa@list.ru,1
marissails@mail.ru,1
domaev.olezhka@mail.ru,1
rilikosze1985@hotmail.com,2
kas.bieniek@go2.pl,1
kilmaver@yandex.com,1
imlaipapa1979@gmx.com,1
100chbch@poczxneolinka.info,1
feliciapw6@omegaxray.thefreemail.top,1
cool.coolnjmgh2008@yandex.ru,2
afonyabel.goro.d@gmail.com,2
Mitchelltaproot9609@gmail.com,2
sentreh@gmail.com,1
deidreel11@yankee.epsilon.coayako.top,1
rietabofi1985@hotmail.com,2
radlehengcont1974@hotmail.com,2
samples37@carlow.housecleaningguides.com,2
irwincaleb1992@list.ru,1
david.extratone@gmail.com,3
waloskak@gmail.com,2
t.olek@morielasd.ovh,1
areasmakel@gmail.com,2
a.l.ek.s.a.n.drfrolko.v.56@gmail.com,2
anastasierampeyqiw@yahoo.com,2
bettisugb@outlook.com,2
davidvow@mail.ru,1
karcioszkadouszu@gmail.com,2
kmm6cf@mail.missouri.edu,2
ceborahiqub@mail.ru,1
1002ibi@xneopoczb.xyz,1
yvolatu@mailforspam.com,2
gailoe16@victorsierra.spithamail.top,1
albinabermudesytl@yahoo.com,2
petrinrussian@gmail.com,2
gwenxc7@yankee.epsilon.coayako.top,1
k.ewa2761984@go2.pl,1
stefanipitaniellozgqy@yahoo.com,1
afonya.belgorod@gmail.com,2
toolnimasla1976@hotmail.com,2
mashachudinovaya@mail.ru,2
bunfelip@yandex.com,1
nikmawer@yandex.com,1
franciscohomestead604@mail.ru,1
1003thath@xneopocza.xyz,1
kaidebalkfull1976@hotmail.com,2
histediedisiah@gmail.com,2
fletchermayhall142@mail.ru,1
mimi@kompomi.ovh,1
trusheva.5xsn@mail.ru,1
marcelynspinella125@mail.ru,1
1987.askerovap4@mail.ru,1
alicearzola322@mail.ru,1
ipuhezul@bk.ru,1
tromevsutech1972@hotmail.com,2
theohydliti1988@gmx.com,1
fred_west@outlook.com,2
orawd16@whiskeygolf.wollomail.top,1
kamilanikodem.96@wp.pl,1
a.u.g.e.n.e.3.0@gmail.com,2
eddiehaug@mail.ru,1
wassilleyertarthur@gmail.com,2
davidblue@extratone.com,4
z.am.i.ra2.01.6v@gmail.com,2
martkam900@gmail.com,2
bindresak@yandex.com,1
lirabullli1977@hotmail.com,2
bouchercharles185@gmail.com,2
robert.jary@opoczta.pl,1
je.ram209ddz@gmail.com,1
diegozapa2020@gmail.com,2
michalina@cbdlandia.pl,1
k.ewa2761984@tlen.pl,1
chickencoop4@gmx.com,1
schabelnikowa.nekita@yandex.com,1
rekhviashvilitanya@yandex.com,2
turammatthew@gmail.com,2
deannexp1@yankee.epsilon.coayako.top,1
j.osep.hhy.n.c@gmail.com,1
biyanova.evochka@mail.ru,1
moe.m.malik@gmail.com,3
makalkrzys@gmail.com,2
honounddee@gmail.com,2
prukawkapierdziawka@gmail.com,2
mellisacattersonool@yahoo.com,2
suzette_halse@carlow.housecleaningguides.com,2
kasia.krawus@o2.pl,1
akokyqiw@mfsa.ru,1
marczakklik@gmail.com,2
tomek@jestemkobitka.pl,1
marycorbett642858@gmail.com,2
deandreavanta089@mail.ru,1
1003yby@xneopocza.xyz,1
sueknauscwh@yahoo.com,2
videoportal123@gmail.com,2
m.ark.clauses.2000@gmail.com,2
janeksranew@gmail.com,2
1992.dianaw2d@mail.ru,1
diajarkatrina@gmail.com,1
cabedsgifbe1987@hotmail.com,2
1003ydy@xneopocza.xyz,1
nekhoroshev.garik@mail.ru,1
tamekiawalkingstickutq@yahoo.com,2
1003geg@xneopocza.xyz,1
margaritadisandro194@mail.ru,1
null@shitheadmedia.online,1
va.lizotta2016@yandex.com,1
theflamesofhell@hotmail.com,2
santiago@costavisions.com,2
