"e m a i l","Member Rating"
ethanflintt@gmail.com,3
442zez@zenek-poczta.com.pl,1
kelly@jmglasses-design.com,1
insireper1988@hotmail.com,2
griodin14@gmail.com,2
zacharyon@mail.ru,1
maocaner@yandex.com,1
bosydhosard@gmail.com,1
inna.volferts.89@mail.ru,1
davidfen@yandex.com,1
wojarmarcin@gmail.com,2
amburg.eduard3c6@mail.ru,1
a.u.s.t.r.a.l.i.anbabymen1995@gmail.com,2
drucilla.leflore30@yahoo.com,1
stanisl.rodniy2017@yandex.ru,1
karcioszkagoszka@gmail.com,2
dedluc1d8x@bseomail.com,1
pokz2074@hit.mistrioni.com,1
pawelsssdwq@gmail.com,2
aniamilekwi@gmail.com,2
a.u.c.tio.nt.o.p.tip.s@gmail.com,1
leonard.havier2016@gmail.com,2
wiseau@live.com,2
thomasunilk@mail.ru,1
vmishinuudx@mail.ru,1
nsamsona179@mail.ru,1
rialeusweeton1979@hotmail.com,2
a.u.c.tiont.optips@gmail.com,1
Timothycrossno@gmail.com,2
zanda44cqe@mail.ru,2
safaev_89@mail.ru,1
a_oblachkova@mail.ru,1
dumpsjohn@qip.ru,1
kyurchi.diana@mail.ru,1
dwgzs4xhcll@pocztazenek1.com.pl,1
kimlaget@yandex.com,1
monitorkomokrkow@gmail.com,2
u.mnot.oori.st2000@gmail.com,2
gaceaddlyjames@gmail.com,2
mpeh32332@dl.piquate.com,1
basim.yaackobi@yandex.com,1
evgeniyletjn6@mail.ru,1
samspaull@local.farthy.com,1
drold@hotmail.com,2
maureenbrazilexsq@yahoo.com,2
onlineandrew@qip.ru,1
duanegix@mail.ru,1
valeriymariupol@qip.ru,1
chrisdet@mail.ru,1
lsenfy@outlook.com,2
donaldss.atterlee@gmail.com,1
finestreleonardo@qip.ru,1
artem72vsha@mail.ru,1
leonardhavier2016@gmail.com,2
ira.7z2@mail.ru,1
flagimousver1975@hotmail.com,2
buchanajamal693@gmail.com,1
vtck42957@hit.mistrioni.com,1
rostislava.khizhnaya.97@mail.ru,1
z.furanova@mail.ru,1
n.i.kita.se.rb.in.a40@gmail.com,1
czerakpaula@gmail.com,2
kalinamalinowa@gmail.com,2
appislamont@gmail.com,2
tremainrydellxff@yahoo.com,2
krzysarqel@gmail.com,2
je.ram209dd@gmail.com,2
crmbcrmbls@gmail.com,2
polina.churzina@mail.ru,1
davidkrusemark@gmail.com,2
wmoddnmy@mail.ru,1
merrimachado39@local.farthy.com,1
areyoutherenina@gmail.com,3
tiongensjohn@gmail.com,2
ada.pitko@mail.ru,1
konstantinnn7zh@mail.ru,1
svaran.egor@mail.ru,1
alek.sandr.bl.ok.58@gmail.com,1
mmonderson@mail.ru,1
lannytyndall@outlook.com,2
gleb.solev.83@mail.ru,1
ivanziminiw7o@mail.ru,1
eviarebusiyuv@yahoo.com,2
gavgav2344@mail.ru,1
gena.danin.98@mail.ru,1
abbey.speegle491@alicemchard.com,2
hju88teven@pik.ovh,1
blosumcofbi1972@hotmail.com,2
lesimstream@gmail.com,3
ivinter1@mail.ru,1
o.le.gv.i.ta.li.e.vich.1.2.3.45@gmail.com,1
maksim.golopolosov.2016@gmail.com,2
lokalne@mailadres.xyz,1
mariopetruchelli2016@gmail.com,2
qgmwii@sina.com,2
gerardorobles74@local.farthy.com,1
hownsichjames@gmail.com,2
shanaringrose@local.farthy.com,1
aridathacubitouby@yahoo.com,2
butmichal770@gmail.com,2
tanyei@mail.ru,1
dillonchery@local.farthy.com,1
pawelskleww@gmail.com,2
soncmarmayrie1989@hotmail.com,2
melvinrark@mail.ru,1
martinoralm@mail.ru,1
emily.e.waters@gmail.com,3
mojednikoniec@gmail.com,2
kimfales@yandex.com,1
dolly@themiamidolls.com,1
mikhailodjbt@mail.ru,1
denniskl@mail.ru,1
ihadtopee@gmail.com,4
andramarcotte@local.farthy.com,1
kenbednall@local.farthy.com,1
dsfcdw.s.d.f.g.f@e-poradnikowo24.pl,1
noxnadado1973@hotmail.com,2
zubashchenko1976@mail.ru,1
andrewodomy@mail.ru,1
dedhitr@mail.ru,1
coringlinkey1980@hotmail.com,2
analarosair@mail.ru,1
mommilitia@gmail.com,2
mikel.madesen@mail.ru,1
minzaverjames@gmail.com,2
v.ise.n.t.e.hi.n.d@gmail.com,2
russellslini@mail.ru,1
robslater91@local.farthy.com,1
mogrerasound1978@hotmail.com,2
diegozapa2018@gmail.com,1
shakeandbakemike@gmail.com,2
pirsanil@yandex.com,1
johnson.baboricit@mail.ru,1
prorywillie@gmail.com,2
tammiemendelsohn@local.farthy.com,1
mancamahin1985@hotmail.com,2
tomulmalo1973@hotmail.com,2
drohrafi@gmail.com,2
edwinp@bk.ru,1
shemirsean@gmail.com,2
bloolhalsdownkal1981@hotmail.com,2
ruthlessoverton75@mail.ru,1
l.ic.h.e.rt.cen@gmail.com,1
donaldivory@mail.ru,1
yinzeguo@gmail.com,1
scikks@sina.com,2
arlinebef@mail.ru,2
robertvit@mail.ru,1
Glarro@mac.com,2
mmichalaka@mail.ru,1
keithhigut@mail.ru,1
eg.orfomin19.7.5@gmail.com,2
cora_marshburn@alicemchard.com,2
bambiarcamsj@yahoo.com,2
selenacona@mail.ru,1
device.hoisted52@yahoo.com,1
bl.o.pre.tipo.lk.o.b.iz@gmail.com,2
meme123@ccxpnthu2.pw,1
allinaballantynefnu@yahoo.com,2
mariannejulia@local.farthy.com,1
minzadis@yandex.com,1
vitebskaya.98@mail.ru,1
aliska.turskaya@mail.ru,1
zabneva.elizaveta@mail.ru,1
segalaqavar@hotmail.com,2
manuelafitzsimmons@local.farthy.com,1
bonnycausey70@local.farthy.com,1
mihmnop@gmail.com,2
tithatlodeg1987@hotmail.com,2
imogenlockhart1@outlook.com,2
wx8hwcll@pocztazenek1.com.pl,1
trananerer1985@hotmail.com,2
michaelkors92@wp.pl,1
maresov1993@mail.ru,1
martadepta82@gmail.com,2
dsfcdw.s.d.f.gf@e-poradnikowo24.pl,1
diaturiworl1987@hotmail.com,2
noahtiegs@local.farthy.com,1
borya_rzaev@mail.ru,1
airmatic@mailadres.xyz,1
capitalnicolas@qip.ru,1
margalitblalackgcm@yahoo.com,2
cmarones@mail.ru,1
nieruchomosci@mailadres.xyz,1
maksimgolopolosov2016@gmail.com,2
christoperspear@local.farthy.com,1
fetchingouredison@gmail.com,3
fundingteam+www.extratone.com@smartfinancialfunding.com,1
xqjo46879@hit.mistrioni.com,1
badlaserdog@gmail.com,2
liascanmigou1981@hotmail.com,2
geoteavelig1986@hotmail.com,2
fundingteam+www.extratone.com@businesscapital247.com,1
ggqjnn8v8t@bseomail.com,1
andrewdand@mail.ru,1
xr20168241@kakusale.com,1
pbutyvskaya@mail.ru,1
kucuczes@mail.ru,1
milchenko.gerasim@mail.ru,1
j.i.ml.a.r.d.nal.o@gmail.com,1
turbo@mailadres.xyz,1
espfvp6kcn@bseomail.com,1
samuelgync@mail.ru,1
melodeehutchinson41@local.farthy.com,1
11xax@zenek-poczta.com.pl,1
donaldssatterlee@gmail.com,1
awaywardbus@gmail.com,4
aserderreckl@mail.ru,1
confdownsmokim1981@hotmail.com,2
slgjocker12@gmail.com,2
marchikoff@gmail.com,2
parvtav@yandex.ru,1
ruslannaumovxi@mail.ru,1
afo.nya.bel.gorod@gmail.com,2
obudowamala@gmail.com,2
fredpidgeon@local.farthy.com,1
kalendarzpietnaszie@gmail.com,2
pevx84564@hit.mistrioni.com,1
binzadil@yandex.com,1
chanel.red.pizza@gmail.com,1
ilyushchikhin.robert@mail.ru,1
joseph_milthaler@aol.com,1
inna.198232@mail.ru,1
kostya.prostorov.90@mail.ru,1
twartim@mail.ru,1
podnosniki@mailadres.xyz,1
jennicwarrenlzvx@yahoo.com,1
donald.ssatterl.e.e@gmail.com,1
robertmug@mail.ru,1
mogsirabor1988@hotmail.com,2
yablokowskaya.gawriil-zoltan@yandex.com,2
viktorfokinsz@mail.ru,1
obudowakrutki@gmail.com,2
a.rk.adi.v.a.rp19.6.7@gmail.com,1
kalendarzklapek@gmail.com,2
isla.prior@djpodgy.com,1
joaquinmem@mail.ru,1
murapozzuoligxz@hotmail.com,1
ardthurxen@gmail.com,1
joshuadier@mail.ru,1
kameshkov.15.j3@mail.ru,1
gamanov-2017@mail.ru,1
dimaac0yak@mail.ru,1
monelakdariusz@gmail.com,2
stipanyuk73@mail.ru,1
videoschecks@mail.ru,1
mariyana.20p6@mail.ru,1
dsfcdw.s.d.fgf@e-poradnikowo24.pl,1
topicsarnold@qip.ru,1
tmarisano@mail.ru,1
rcsosw1uwk@bseomail.com,1
janis-fitz616@alicemchard.com,2
stokes827@gmail.com,2
dwhcll@pocztazenek1.com.pl,1
kristina.karpysheva@mail.ru,1
eddyjax@gmx.us,1
williamjab@mail.ru,1
thomasgasye@mail.ru,1
vladilen.romanenko.85@mail.ru,1
jaykotomi@gmail.com,2
nicolas.minaroni@mail.ru,1
rostislav.leontev.74@mail.ru,1
karcioszkaklapek@gmail.com,2
scredcharles@gmail.com,2
evelyne-fredericks799@haicuneo.com,1
kipyatkov_85@mail.ru,1
dsfcdw.sdf.gf@e-poradnikowo24.pl,1
t.bonewheelz@gmail.com,3
sasha.grach.97@mail.ru,1
joannarnold6@outlook.com,2
kozelhmi@gmail.com,2
fiethedene1973@hotmail.com,2
viktorshgosu@mail.ru,1
defactojakto@gmail.com,2
sebakaljaca@gmail.com,2
lorriefauro@mail.ru,1
afonya.bel.gor.o.d@gmail.com,2
agataswearingerxhc@yahoo.com,2
mwantarsa@mail.ru,1
addbornad@mail.ru,1
skoryatin.s@mail.ru,1
jamespauri@mail.ru,1
dreirscott@gmail.com,2
betseydennisrod@yahoo.com,2
afonyabel.gorod@gmail.com,2
vkloka@mail.ru,1
stvolkov1eu@mail.ru,1
artur.1973.8@mail.ru,1
willeit@antonmotolko.com,1
cool.coolnjmgh1980@yandex.ru,1
bunzamex@yandex.com,1
af.onyabel.g.oro.d@gmail.com,2
flemenjon@gmail.com,2
devonserrato@local.farthy.com,1
jmimerr@mail.ru,1
admb69411@hit.mistrioni.com,1
susan-wiedermann@alicemchard.com,2
gemidargi1970@hotmail.com,2
podno@mailadres.xyz,1
b.l.opre.tipo.l.kob.iz@gmail.com,2
oslanrughnev20143319@gmail.com,1
williamjabes@mail.ru,1
kkalarasi@mail.ru,1
chickencoop3@gmx.com,1
marczakwertus@gmail.com,2
jeremyvon@mail.ru,1
jeffnealey10@gmail.com,2
leonamuller2@outlook.com,2
marinovich1976@mail.ru,2
dawnfruehauf@local.farthy.com,1
prowcitersenf1970@hotmail.com,2
syrupok@gmail.com,3
lyubava-osipenko@mail.ru,1
k300wors@mail.ru,1
zbimar@mailadres.xyz,1
runcilisea1988@hotmail.com,2
don.aldssatterlee@gmail.com,1
sershovskiy@gmail.com,2
ililunam1976@hotmail.com,2
1986.lizunova95@mail.ru,1
yulya-repina-84@mail.ru,1
karinwhitney52@local.farthy.com,1
k.o.lo.v.ra.t.s1.9.7.8@gmail.com,2
kremevruslan@gmail.com,1
victordaume@mail.ru,1
xr20168242@kakusale.com,1
williamei777@gmail.com,2
kamila.nikodem@wp.pl,1
mkarsdowy@mail.ru,1
rafal.bonobor@mail.ru,1
hoze.ph.m.i@gmail.com,1
lolorate1974@hotmail.com,2
simukova-76@mail.ru,1
hello@ccxpnthu2.pw,1
418xex@zenek-poczta.com.pl,1
garlandtims@local.farthy.com,1
krystlemontes30@local.farthy.com,1
dsfcd.wsd.f.g.f@e-poradnikowo24.pl,1
cafe@sixin-cafe.com,1
kaseylevequefxez@yahoo.com,1
darekkamoll@gmail.com,2
a-bayborodina@mail.ru,1
kmimozoska@mail.ru,1
victorlon@mail.ru,1
chi.gillespie385@djpodgy.com,1
margarettapockrustub@yahoo.com,2
vo.di.zh@gmail.com,2
dmitriykossgo0@mail.ru,1
andreyk6nisaev@mail.ru,1
stella79gibson@gmail.com,2
fellyasandrew@gmail.com,2
mixlagen@yandex.com,1
haltandhoward@gmail.com,2
xanathsp@outlook.com,2
1973.petrushechkingo@mail.ru,1
aniaweefe@gmail.com,2
zatyczkadouszu@gmail.com,3
chastitysherrard@local.farthy.com,1
yaroslavbea63@mail.ru,1
ryanrestrepo@local.farthy.com,1
karaviga@mail.ru,1
domaev.olezhka@mail.ru,1
rilikosze1985@hotmail.com,2
elenaalferova@antonmotolko.com,1
jmarosnor@mail.ru,1
andrey01b@mail.ru,1
cool.coolnjmgh2008@yandex.ru,2
tarnow@mailadres.xyz,1
960zbz@zenek-poczta.com.pl,1
launa-lloyd9250@aero.cogmailbox.com,1
afonyabel.goro.d@gmail.com,2
Mitchelltaproot9609@gmail.com,2
sentreh@gmail.com,1
shamshina.taisiya@mail.ru,1
jamespoice@mail.ru,1
rietabofi1985@hotmail.com,2
radlehengcont1974@hotmail.com,2
vex89rnon@pik.ovh,1
robertgamy2i@mail.ru,1
a@beckygri.pw,1
gidget.lessard9825@fly.cogmailbox.com,1
waloskak@gmail.com,2
areasmakel@gmail.com,2
jocelynlade@local.farthy.com,1
bettisugb@outlook.com,2
evanlynas@local.farthy.com,1
jgererea@mail.ru,1
karcioszkadouszu@gmail.com,2
prestimo@mailadres.xyz,1
kmm6cf@mail.missouri.edu,2
fedor5cggalkin@mail.ru,1
albinabermudesytl@yahoo.com,2
lysakovskiy.grisha@mail.ru,1
jkarowalio@mail.ru,1
petrinrussian@gmail.com,2
stefanipitaniellozgqy@yahoo.com,1
afonya.belgorod@gmail.com,2
toolnimasla1976@hotmail.com,2
taisiya.zashchirinskaya@mail.ru,1
kaidebalkfull1976@hotmail.com,2
histediedisiah@gmail.com,2
helenanisk@mail.ru,1
yettachambers4@local.farthy.com,1
willianrasmussen95@local.farthy.com,1
trusheva.5xsn@mail.ru,1
skachok1997@mail.ru,1
1987.askerovap4@mail.ru,1
slawomir2k16@gmail.com,1
tromevsutech1972@hotmail.com,2
mannonein@mail.ru,1
stepanw7washc@mail.ru,1
kamilanikodem.96@wp.pl,1
a.u.g.e.n.e.3.0@gmail.com,2
viplaker@yandex.com,1
wassilleyertarthur@gmail.com,2
raymondhawk25@local.farthy.com,1
z.am.i.ra2.01.6v@gmail.com,2
tototocutugno@theprivateemail.com,1
martkam900@gmail.com,2
kkoamarde@mail.ru,1
lirabullli1977@hotmail.com,2
evelina_chuplygina@mail.ru,1
je.ram209ddz@gmail.com,1
douglaspek@mail.ru,1
cbabanrads@mail.ru,1
ardendale@local.farthy.com,1
schabelnikowa.nekita@yandex.com,1
rekhviashvilitanya@yandex.com,2
sky-fraud.ru@mail.ru,1
turammatthew@gmail.com,2
j.osep.hhy.n.c@gmail.com,1
makalkrzys@gmail.com,2
honounddee@gmail.com,2
prukawkapierdziawka@gmail.com,2
ilya7lvptro@mail.ru,1
kornishina.zhozefina@mail.ru,1
nikita5t7gfrolov@mail.ru,1
michaelkinggarden@yandex.com,1
marczakklik@gmail.com,2
adellpaulsen@local.farthy.com,1
monaharnos@mail.ru,1
kdmv52653@hit.mistrioni.com,1
m.ark.clauses.2000@gmail.com,2
jamikaherrington17@local.farthy.com,1
janeksranew@gmail.com,2
nelsonnelsond@qip.ru,1
1992.dianaw2d@mail.ru,1
diajarkatrina@gmail.com,1
cabedsgifbe1987@hotmail.com,2
amateurvictor@qip.ru,1
nekhoroshev.garik@mail.ru,1
lqgd75152@hit.mistrioni.com,1
jkorolsoni@mail.ru,1
donald.ssatterlee@gmail.com,1
dsfcdw.sd.fgf@e-poradnikowo24.pl,1
curbannsad@mail.ru,1
null@shitheadmedia.online,1
va.lizotta2016@yandex.com,1
theflamesofhell@hotmail.com,2
