"e m a i l","Member Rating"
ethanflintt@gmail.com,3
insireper1988@hotmail.com,2
griodin14@gmail.com,2
wojarmarcin@gmail.com,2
a.u.s.t.r.a.l.i.anbabymen1995@gmail.com,2
karcioszkagoszka@gmail.com,2
pawelsssdwq@gmail.com,2
aniamilekwi@gmail.com,2
leonard.havier2016@gmail.com,2
wiseau@live.com,2
rialeusweeton1979@hotmail.com,2
Timothycrossno@gmail.com,2
zanda44cqe@mail.ru,2
tropitmire1975@hotmail.com,2
svilarndurte1973@hotmail.com,2
monitorkomokrkow@gmail.com,2
ebyrez@yandex.com,2
u.mnot.oori.st2000@gmail.com,2
gaceaddlyjames@gmail.com,2
performancetraining@yahoo.com,2
drold@hotmail.com,2
alphawhiskeyhotel@gmail.com,2
maureenbrazilexsq@yahoo.com,2
d.v.or.ko.v.i.c.h.dm.i.tr.i.y.78@gmail.com,2
lsenfy@outlook.com,2
TakedaTux@outlook.com,2
jacinto_stratton28@carlow.housecleaningguides.com,2
hello@mushbuh.com,3
leonardhavier2016@gmail.com,2
flagimousver1975@hotmail.com,2
czerakpaula@gmail.com,2
kalinamalinowa@gmail.com,2
kas.bieniek@prokonto.pl,1
appislamont@gmail.com,2
tremainrydellxff@yahoo.com,2
inHISLovedave@gmail.com,3
krzysarqel@gmail.com,2
je.ram209dd@gmail.com,2
crmbcrmbls@gmail.com,2
bearcare10@hotmail.com,2
davidkrusemark@gmail.com,2
tiongensjohn@gmail.com,2
lannytyndall@outlook.com,2
eviarebusiyuv@yahoo.com,2
abbey.speegle491@alicemchard.com,2
blosumcofbi1972@hotmail.com,2
lesimstream@gmail.com,3
maksim.golopolosov.2016@gmail.com,2
mariopetruchelli2016@gmail.com,2
qgmwii@sina.com,2
hownsichjames@gmail.com,2
maddy7889@gmail.com,3
aridathacubitouby@yahoo.com,2
butmichal770@gmail.com,2
drudgebuhy@hotmail.com,2
pawelskleww@gmail.com,2
soncmarmayrie1989@hotmail.com,2
mojednikoniec@gmail.com,2
annethracks69@gmail.com,2
klaus.sifford@carlow.housecleaningguides.com,2
k.ewa2761984@prokonto.pl,1
noxnadado1973@hotmail.com,2
coringlinkey1980@hotmail.com,2
mommilitia@gmail.com,2
minzaverjames@gmail.com,2
v.ise.n.t.e.hi.n.d@gmail.com,2
monika.woja@tlen.pl,1
mogrerasound1978@hotmail.com,2
shakeandbakemike@gmail.com,2
para.k.shi.nak.ak.iy.89@gmail.com,2
squidgirlsar@gmail.com,2
erynadell@gmail.com,3
ermgfd@mail.missouri.edu,2
prorywillie@gmail.com,2
feodosiyafedorova85@mail.ru,2
mancamahin1985@hotmail.com,2
tomulmalo1973@hotmail.com,2
drohrafi@gmail.com,2
shemirsean@gmail.com,2
bloolhalsdownkal1981@hotmail.com,2
scarlett.jonas68@carlow.housecleaningguides.com,2
ulunmadi1976@hotmail.com,2
scikks@sina.com,2
arlinebef@mail.ru,2
Glarro@mac.com,2
andrexslayer@hotmail.com,2
eg.orfomin19.7.5@gmail.com,2
patryk.fraus@o2.pl,1
cora_marshburn@alicemchard.com,2
bambiarcamsj@yahoo.com,2
bl.o.pre.tipo.lk.o.b.iz@gmail.com,2
allinaballantynefnu@yahoo.com,2
segalaqavar@hotmail.com,2
mihmnop@gmail.com,2
hawthornbjr@gmail.com,2
tithatlodeg1987@hotmail.com,2
imogenlockhart1@outlook.com,2
trananerer1985@hotmail.com,2
martadepta82@gmail.com,2
diaturiworl1987@hotmail.com,2
margalitblalackgcm@yahoo.com,2
maksimgolopolosov2016@gmail.com,2
zovistograt@gmail.com,4
badlaserdog@gmail.com,2
liascanmigou1981@hotmail.com,2
geoteavelig1986@hotmail.com,2
kasia.krawus@prokonto.pl,1
awaywardbus@gmail.com,4
samplesman37@carlow.housecleaningguides.com,2
confdownsmokim1981@hotmail.com,2
slgjocker12@gmail.com,2
marchikoff@gmail.com,2
a.rte.m.ko.v.a.lsk.y.8.1@gmail.com,2
robinbanks012@gmail.com,2
afo.nya.bel.gorod@gmail.com,2
obudowamala@gmail.com,2
kasia.krawus@go2.pl,1
a.r.s.e.niikov.al.e.v1.9.8.4@gmail.com,2
kalendarzpietnaszie@gmail.com,2
mogsirabor1988@hotmail.com,2
yablokowskaya.gawriil-zoltan@yandex.com,2
eleanore-catalan55@carlow.housecleaningguides.com,2
obudowakrutki@gmail.com,2
kalendarzklapek@gmail.com,2
samples33@carlow.housecleaningguides.com,2
monelakdariusz@gmail.com,2
mkt.v.i.e.t.kh.a.n.g@gmail.com,2
agebazug@yandex.com,2
k.ewa2761984@o2.pl,1
bossman2009t@hotmail.com,2
mario.vegaz@pisz.to,2
janis-fitz616@alicemchard.com,2
stokes827@gmail.com,2
jaykotomi@gmail.com,2
karcioszkaklapek@gmail.com,2
scredcharles@gmail.com,2
adrian.wesolek@o2.pl,1
assortisp@gmail.com,2
joannarnold6@outlook.com,2
kozelhmi@gmail.com,2
fiethedene1973@hotmail.com,2
defactojakto@gmail.com,2
sebakaljaca@gmail.com,2
jumbotwink@gmail.com,2
martyna.palek@spoko.pl,2
afonya.bel.gor.o.d@gmail.com,2
agataswearingerxhc@yahoo.com,2
patryk.jankos@o2.pl,1
n.i.k.ola.yk.a.r.pov5.6@gmail.com,2
dreirscott@gmail.com,2
betseydennisrod@yahoo.com,2
afonyabel.gorod@gmail.com,2
spaskoroci1984@hotmail.com,2
wwwnnn444@aol.com,2
monniedroneyxqy@yahoo.com,2
af.onyabel.g.oro.d@gmail.com,2
flemenjon@gmail.com,2
jonsesila@gmail.com,2
hudipy@mailforspam.com,2
susan-wiedermann@alicemchard.com,2
gemidargi1970@hotmail.com,2
b.l.opre.tipo.l.kob.iz@gmail.com,2
patryk.fraus@prokonto.pl,1
monika.woja@go2.pl,1
marczakwertus@gmail.com,2
dawid.wiliss@o2.pl,1
jeffnealey10@gmail.com,2
leonamuller2@outlook.com,2
marinovich1976@mail.ru,2
caltalasfo1981@hotmail.com,2
prowcitersenf1970@hotmail.com,2
samples35@carlow.housecleaningguides.com,2
runcilisea1988@hotmail.com,2
sershovskiy@gmail.com,2
susie-tims93@brantly6.ceramicsouvenirs.com,2
ililunam1976@hotmail.com,2
k.o.lo.v.ra.t.s1.9.7.8@gmail.com,2
williamei777@gmail.com,2
lolorate1974@hotmail.com,2
darekkamoll@gmail.com,2
margarettapockrustub@yahoo.com,2
vo.di.zh@gmail.com,2
stella79gibson@gmail.com,2
fellyasandrew@gmail.com,2
haltandhoward@gmail.com,2
xanathsp@outlook.com,2
aniaweefe@gmail.com,2
rilikosze1985@hotmail.com,2
kas.bieniek@go2.pl,1
dlsarbaugh@hotmail.com,4
cool.coolnjmgh2008@yandex.ru,2
afonyabel.goro.d@gmail.com,2
Mitchelltaproot9609@gmail.com,2
stef@tropicult.com,2
rietabofi1985@hotmail.com,2
radlehengcont1974@hotmail.com,2
samples37@carlow.housecleaningguides.com,2
waloskak@gmail.com,2
areasmakel@gmail.com,2
a.l.ek.s.a.n.drfrolko.v.56@gmail.com,2
anastasierampeyqiw@yahoo.com,2
bettisugb@outlook.com,2
karcioszkadouszu@gmail.com,2
kmm6cf@mail.missouri.edu,2
yvolatu@mailforspam.com,2
albinabermudesytl@yahoo.com,2
petrinrussian@gmail.com,2
k.ewa2761984@go2.pl,1
afonya.belgorod@gmail.com,2
toolnimasla1976@hotmail.com,2
mashachudinovaya@mail.ru,2
kaidebalkfull1976@hotmail.com,2
histediedisiah@gmail.com,2
tromevsutech1972@hotmail.com,2
fred_west@outlook.com,2
a.u.g.e.n.e.3.0@gmail.com,2
wassilleyertarthur@gmail.com,2
z.am.i.ra2.01.6v@gmail.com,2
martkam900@gmail.com,2
lirabullli1977@hotmail.com,2
bouchercharles185@gmail.com,2
diegozapa2020@gmail.com,2
k.ewa2761984@tlen.pl,1
rekhviashvilitanya@yandex.com,2
turammatthew@gmail.com,2
makalkrzys@gmail.com,2
honounddee@gmail.com,2
prukawkapierdziawka@gmail.com,2
mellisacattersonool@yahoo.com,2
suzette_halse@carlow.housecleaningguides.com,2
kasia.krawus@o2.pl,1
marczakklik@gmail.com,2
marycorbett642858@gmail.com,2
torren@gmx.com,3
sueknauscwh@yahoo.com,2
videoportal123@gmail.com,2
m.ark.clauses.2000@gmail.com,2
janeksranew@gmail.com,2
cabedsgifbe1987@hotmail.com,2
hawthorn@vivaldi.net,2
tamekiawalkingstickutq@yahoo.com,2
