"Country Code",Region,Url,Clicks
US,NY,http://bit.ly/extraread,4
US,NY,http://bit.ly/kayaktruth,4
US,NY,http://extratone.com/junction,4
US,NY,http://instagram.com/extratonemag,4
US,NY,http://theforecaster-interactive.com/,4
US,NY,http://www.adweek.com/digital/bloomberg-is-tapping-its-deep-resources-to-provide-consulting-services-for-businesses/,4
US,NY,http://www.newyorker.com/culture/culture-desk/things-to-do-with-newspapers-to-avoid-reading-them,4
US,NY,http://www.newyorker.com/culture/photo-booth/what-rampant-materialism-looks-like-and-what-it-costs,4
US,NY,http://www.newyorker.com/magazine/2017/08/07/rachel-cusk-gut-renovates-the-novel,4
US,NY,http://www.newyorker.com/magazine/2017/08/07/what-meditation-can-do-for-us-and-what-it-cant,4
US,NY,http://www.newyorker.com/news/john-cassidy/donald-trumps-nuclear-war-threat,4
US,NY,http://www.niemanlab.org/2017/08/techdirt-sued-by-the-lawyer-who-fought-gawker-gets-250000-to-cover-freedom-of-speech-issues/,4
US,NY,http://www.youtube.com/extratone,4
US,NY,https://bittersweetmonthly.com/stories/plant-it-forward,4
US,NY,https://gimletmedia.com/episode/103-long-distance-part-ii/,4
US,NY,https://loggedoff.simplecast.fm/episodes/80528-4-never-upset-about-a-wife,4
US,NY,https://suitcasemag.com/fashion/global-style/icelandic-inspiration-with-levis-global-design-directors-nick-rendic-and-nicolle-arbour/,4
US,NY,https://theoutline.com/post/1951/david-avocado-wolfe-is-the-biggest-asshole-in-the-multiverse,4
US,NY,https://theoutline.com/post/2059/how-to-prank-the-rich-and-powerful-without-really-trying,4
US,NY,https://theoutline.com/post/2071/stop-pretending-to-be-poor-to-make-a-point,4
US,NY,https://theoutline.com/post/2074/empowering-my-ass-capitalist-feminism,4
US,NY,https://theoutline.com/post/2078/amazon-jobs-e-commerce-steel-country-lehigh-valley,4
US,NY,https://theoutline.com/post/2088/sycophantic-journalists-and-the-monsters-they-love,4
US,NY,https://theoutline.com/post/2090/you-can-t-boycott-google,4
US,NY,https://twitter.com/ammnontet/status/895471148879630336,4
US,NY,https://www.cjr.org/special_report/qa-terry-gross-explains-why-shes-terrified-of-being-a-reporter.php,4
US,NY,https://www.facebook.com/extratonemagazine,4
US,NY,https://www.mcsweeneys.net/articles/how-i-used-tinder-smart-photos-to-prove-once-and-for-all-that-im-more-attractive-than-a-plate-of-cold-refried-beans,4
US,NY,https://www.nytimes.com/2017/08/04/upshot/the-all-conquering-air-conditioner.html,4
US,NY,https://www.recode.net/2017/8/6/16103800/electronic-gadgets-americans-using-less-electricity-energy-information-administration,4
US,NY,https://www.reddit.com/r/CoolGamesInc/comments/6rybbt/what_nick_did_is_more_than_bad_flirting/,4
US,NY,https://www.theguardian.com/environment/2017/aug/07/usda-climate-change-language-censorship-emails,4
US,NY,https://www.thisamericanlife.org/radio-archives/episode/622/who-you-gonna-call,4
US,NY,https://www.twitter.com/extratone/,4
US,PA,http://bit.ly/extraread,2
US,PA,http://bit.ly/kayaktruth,2
US,PA,http://extratone.com/junction,2
US,PA,http://instagram.com/extratonemag,2
US,PA,http://theforecaster-interactive.com/,2
US,PA,http://www.adweek.com/digital/bloomberg-is-tapping-its-deep-resources-to-provide-consulting-services-for-businesses/,6
US,PA,http://www.newyorker.com/culture/culture-desk/things-to-do-with-newspapers-to-avoid-reading-them,2
US,PA,http://www.newyorker.com/culture/photo-booth/what-rampant-materialism-looks-like-and-what-it-costs,2
US,PA,http://www.newyorker.com/magazine/2017/08/07/rachel-cusk-gut-renovates-the-novel,2
US,PA,http://www.newyorker.com/magazine/2017/08/07/what-meditation-can-do-for-us-and-what-it-cant,2
US,PA,http://www.newyorker.com/news/john-cassidy/donald-trumps-nuclear-war-threat,2
US,PA,http://www.niemanlab.org/2017/08/techdirt-sued-by-the-lawyer-who-fought-gawker-gets-250000-to-cover-freedom-of-speech-issues/,2
US,PA,http://www.youtube.com/extratone,2
US,PA,https://bittersweetmonthly.com/stories/plant-it-forward,2
US,PA,https://gimletmedia.com/episode/103-long-distance-part-ii/,2
US,PA,https://loggedoff.simplecast.fm/episodes/80528-4-never-upset-about-a-wife,2
US,PA,https://suitcasemag.com/fashion/global-style/icelandic-inspiration-with-levis-global-design-directors-nick-rendic-and-nicolle-arbour/,2
US,PA,https://theoutline.com/post/1951/david-avocado-wolfe-is-the-biggest-asshole-in-the-multiverse,2
US,PA,https://theoutline.com/post/2059/how-to-prank-the-rich-and-powerful-without-really-trying,2
US,PA,https://theoutline.com/post/2071/stop-pretending-to-be-poor-to-make-a-point,2
US,PA,https://theoutline.com/post/2074/empowering-my-ass-capitalist-feminism,2
US,PA,https://theoutline.com/post/2078/amazon-jobs-e-commerce-steel-country-lehigh-valley,2
US,PA,https://theoutline.com/post/2088/sycophantic-journalists-and-the-monsters-they-love,2
US,PA,https://theoutline.com/post/2090/you-can-t-boycott-google,2
US,PA,https://twitter.com/ammnontet/status/895471148879630336,2
US,PA,https://www.cjr.org/special_report/qa-terry-gross-explains-why-shes-terrified-of-being-a-reporter.php,2
US,PA,https://www.facebook.com/extratonemagazine,2
US,PA,https://www.mcsweeneys.net/articles/how-i-used-tinder-smart-photos-to-prove-once-and-for-all-that-im-more-attractive-than-a-plate-of-cold-refried-beans,2
US,PA,https://www.nytimes.com/2017/08/04/upshot/the-all-conquering-air-conditioner.html,2
US,PA,https://www.recode.net/2017/8/6/16103800/electronic-gadgets-americans-using-less-electricity-energy-information-administration,2
US,PA,https://www.reddit.com/r/CoolGamesInc/comments/6rybbt/what_nick_did_is_more_than_bad_flirting/,2
US,PA,https://www.theguardian.com/environment/2017/aug/07/usda-climate-change-language-censorship-emails,2
US,PA,https://www.thisamericanlife.org/radio-archives/episode/622/who-you-gonna-call,2
US,PA,https://www.twitter.com/extratone/,2
