Timestamp,Email,Url
"2017-02-28 03:12:59",admb69411@hit.mistrioni.com,http://www.facebook.com/extratonemedia
"2017-02-28 03:13:00",lqgd75152@hit.mistrioni.com,http://www.facebook.com/extratonemedia
"2017-02-28 03:13:01",kdmv52653@hit.mistrioni.com,http://www.facebook.com/extratonemedia
"2017-02-28 03:13:03",pokz2074@hit.mistrioni.com,http://www.facebook.com/extratonemedia
"2017-02-28 03:13:04",pevx84564@hit.mistrioni.com,http://www.facebook.com/extratonemedia
"2017-02-28 03:13:05",xqjo46879@hit.mistrioni.com,http://www.facebook.com/extratonemedia
"2017-02-28 03:13:07",vtck42957@hit.mistrioni.com,http://www.facebook.com/extratonemedia
"2017-02-28 03:13:08",admb69411@hit.mistrioni.com,https://youtu.be/vZPpHlcSzbw
"2017-02-28 03:13:10",lqgd75152@hit.mistrioni.com,https://youtu.be/vZPpHlcSzbw
"2017-02-28 03:13:12",kdmv52653@hit.mistrioni.com,https://youtu.be/vZPpHlcSzbw
"2017-02-28 03:13:13",pokz2074@hit.mistrioni.com,https://youtu.be/vZPpHlcSzbw
"2017-02-28 03:13:15",pevx84564@hit.mistrioni.com,https://youtu.be/vZPpHlcSzbw
"2017-02-28 03:13:17",xqjo46879@hit.mistrioni.com,https://youtu.be/vZPpHlcSzbw
"2017-02-28 03:13:19",vtck42957@hit.mistrioni.com,https://youtu.be/vZPpHlcSzbw
"2017-02-28 03:13:21",admb69411@hit.mistrioni.com,https://www.merriam-webster.com/dictionary/crowdfunding
"2017-02-28 03:13:23",lqgd75152@hit.mistrioni.com,https://www.merriam-webster.com/dictionary/crowdfunding
"2017-02-28 03:13:24",kdmv52653@hit.mistrioni.com,https://www.merriam-webster.com/dictionary/crowdfunding
"2017-02-28 03:13:26",pokz2074@hit.mistrioni.com,https://www.merriam-webster.com/dictionary/crowdfunding
"2017-02-28 03:13:28",pevx84564@hit.mistrioni.com,https://www.merriam-webster.com/dictionary/crowdfunding
"2017-02-28 03:13:29",xqjo46879@hit.mistrioni.com,https://www.merriam-webster.com/dictionary/crowdfunding
"2017-02-28 03:13:31",vtck42957@hit.mistrioni.com,https://www.merriam-webster.com/dictionary/crowdfunding
"2017-02-28 03:13:32",admb69411@hit.mistrioni.com,"http://twitter.com/intent/tweet?text=*|URL:MC_SUBJECT|*: *|URL:ARCHIVE_LINK_SHORT|*"
"2017-02-28 03:13:34",lqgd75152@hit.mistrioni.com,"http://twitter.com/intent/tweet?text=*|URL:MC_SUBJECT|*: *|URL:ARCHIVE_LINK_SHORT|*"
"2017-02-28 03:13:36",kdmv52653@hit.mistrioni.com,"http://twitter.com/intent/tweet?text=*|URL:MC_SUBJECT|*: *|URL:ARCHIVE_LINK_SHORT|*"
"2017-02-28 03:13:37",pokz2074@hit.mistrioni.com,"http://twitter.com/intent/tweet?text=*|URL:MC_SUBJECT|*: *|URL:ARCHIVE_LINK_SHORT|*"
"2017-02-28 03:13:39",pevx84564@hit.mistrioni.com,"http://twitter.com/intent/tweet?text=*|URL:MC_SUBJECT|*: *|URL:ARCHIVE_LINK_SHORT|*"
"2017-02-28 03:13:41",xqjo46879@hit.mistrioni.com,"http://twitter.com/intent/tweet?text=*|URL:MC_SUBJECT|*: *|URL:ARCHIVE_LINK_SHORT|*"
"2017-02-28 03:13:43",vtck42957@hit.mistrioni.com,"http://twitter.com/intent/tweet?text=*|URL:MC_SUBJECT|*: *|URL:ARCHIVE_LINK_SHORT|*"
"2017-02-28 03:13:44",admb69411@hit.mistrioni.com,http://extratone.com/privacypolicy
"2017-02-28 03:13:51",lqgd75152@hit.mistrioni.com,http://extratone.com/privacypolicy
"2017-02-28 03:13:55",kdmv52653@hit.mistrioni.com,http://extratone.com/privacypolicy
"2017-02-28 03:13:58",pokz2074@hit.mistrioni.com,http://extratone.com/privacypolicy
"2017-02-28 03:17:20",pokz2074@hit.mistrioni.com,http://extratone.com/privacypolicy
"2017-02-28 03:17:26",pevx84564@hit.mistrioni.com,http://extratone.com/privacypolicy
"2017-02-28 03:17:31",xqjo46879@hit.mistrioni.com,http://extratone.com/privacypolicy
"2017-02-28 03:17:35",vtck42957@hit.mistrioni.com,http://extratone.com/privacypolicy
"2017-02-28 03:17:41",admb69411@hit.mistrioni.com,https://paper.dropbox.com/doc/Extranet-Redirection-LXgMPObbnVB012NY00x6Z
"2017-02-28 03:17:43",lqgd75152@hit.mistrioni.com,https://paper.dropbox.com/doc/Extranet-Redirection-LXgMPObbnVB012NY00x6Z
"2017-02-28 03:17:45",kdmv52653@hit.mistrioni.com,https://paper.dropbox.com/doc/Extranet-Redirection-LXgMPObbnVB012NY00x6Z
"2017-02-28 03:17:48",pokz2074@hit.mistrioni.com,https://paper.dropbox.com/doc/Extranet-Redirection-LXgMPObbnVB012NY00x6Z
"2017-02-28 03:17:52",pevx84564@hit.mistrioni.com,https://paper.dropbox.com/doc/Extranet-Redirection-LXgMPObbnVB012NY00x6Z
"2017-02-28 03:17:56",xqjo46879@hit.mistrioni.com,https://paper.dropbox.com/doc/Extranet-Redirection-LXgMPObbnVB012NY00x6Z
"2017-02-28 03:17:58",vtck42957@hit.mistrioni.com,https://paper.dropbox.com/doc/Extranet-Redirection-LXgMPObbnVB012NY00x6Z
"2017-02-28 03:18:00",admb69411@hit.mistrioni.com,http://www.extratone.com/meta/8/
"2017-02-28 03:18:01",lqgd75152@hit.mistrioni.com,http://www.extratone.com/meta/8/
"2017-02-28 03:18:03",kdmv52653@hit.mistrioni.com,http://www.extratone.com/meta/8/
"2017-02-28 03:18:05",pokz2074@hit.mistrioni.com,http://www.extratone.com/meta/8/
"2017-02-28 03:18:06",pevx84564@hit.mistrioni.com,http://www.extratone.com/meta/8/
"2017-02-28 03:18:07",xqjo46879@hit.mistrioni.com,http://www.extratone.com/meta/8/
"2017-02-28 03:18:09",vtck42957@hit.mistrioni.com,http://www.extratone.com/meta/8/
"2017-02-28 03:18:11",admb69411@hit.mistrioni.com,http://extratone.com/freq/9
"2017-02-28 03:18:14",lqgd75152@hit.mistrioni.com,http://extratone.com/freq/9
"2017-02-28 03:18:17",kdmv52653@hit.mistrioni.com,http://extratone.com/freq/9
"2017-02-28 03:18:19",pokz2074@hit.mistrioni.com,http://extratone.com/freq/9
"2017-02-28 03:18:22",pevx84564@hit.mistrioni.com,http://extratone.com/freq/9
"2017-02-28 03:19:49",vtck42957@hit.mistrioni.com,http://extratone.com/freq/9
"2017-02-28 03:20:09",admb69411@hit.mistrioni.com,https://youtu.be/5cbVTDbLK_Y
"2017-02-28 03:20:27",lqgd75152@hit.mistrioni.com,https://youtu.be/5cbVTDbLK_Y
"2017-02-28 03:20:31",kdmv52653@hit.mistrioni.com,https://youtu.be/5cbVTDbLK_Y
"2017-02-28 03:20:34",pokz2074@hit.mistrioni.com,https://youtu.be/5cbVTDbLK_Y
"2017-02-28 03:20:37",pevx84564@hit.mistrioni.com,https://youtu.be/5cbVTDbLK_Y
"2017-02-28 03:20:40",xqjo46879@hit.mistrioni.com,https://youtu.be/5cbVTDbLK_Y
"2017-02-28 03:20:48",vtck42957@hit.mistrioni.com,https://youtu.be/5cbVTDbLK_Y
"2017-02-28 03:20:58",admb69411@hit.mistrioni.com,http://twitter.com/intent/tweet?text=*|URL:MC_SUBJECT|*:
"2017-02-28 03:21:15",lqgd75152@hit.mistrioni.com,http://twitter.com/intent/tweet?text=*|URL:MC_SUBJECT|*:
"2017-02-28 03:21:21",kdmv52653@hit.mistrioni.com,http://twitter.com/intent/tweet?text=*|URL:MC_SUBJECT|*:
"2017-02-28 03:21:23",pokz2074@hit.mistrioni.com,http://twitter.com/intent/tweet?text=*|URL:MC_SUBJECT|*:
"2017-02-28 03:21:27",pevx84564@hit.mistrioni.com,http://twitter.com/intent/tweet?text=*|URL:MC_SUBJECT|*:
"2017-02-28 03:21:29",xqjo46879@hit.mistrioni.com,http://twitter.com/intent/tweet?text=*|URL:MC_SUBJECT|*:
"2017-02-28 03:21:31",vtck42957@hit.mistrioni.com,http://twitter.com/intent/tweet?text=*|URL:MC_SUBJECT|*:
"2017-02-28 03:21:33",admb69411@hit.mistrioni.com,http://extratone.com/home
"2017-02-28 03:21:39",lqgd75152@hit.mistrioni.com,http://extratone.com/home
"2017-02-28 03:21:45",kdmv52653@hit.mistrioni.com,http://extratone.com/home
"2017-02-28 03:21:50",pokz2074@hit.mistrioni.com,http://extratone.com/home
"2017-02-28 03:21:54",pevx84564@hit.mistrioni.com,http://extratone.com/home
"2017-02-28 03:21:59",xqjo46879@hit.mistrioni.com,http://extratone.com/home
"2017-02-28 03:22:06",vtck42957@hit.mistrioni.com,http://extratone.com/home
"2017-02-28 03:22:12",admb69411@hit.mistrioni.com,http://www.extratone.com/laments/sons/
"2017-02-28 03:22:14",lqgd75152@hit.mistrioni.com,http://www.extratone.com/laments/sons/
"2017-02-28 03:23:04",kdmv52653@hit.mistrioni.com,http://www.extratone.com/laments/sons/
"2017-02-28 03:23:06",pokz2074@hit.mistrioni.com,http://www.extratone.com/laments/sons/
"2017-02-28 03:23:13",pevx84564@hit.mistrioni.com,http://www.extratone.com/laments/sons/
"2017-02-28 03:23:22",xqjo46879@hit.mistrioni.com,http://www.extratone.com/laments/sons/
"2017-02-28 03:23:28",vtck42957@hit.mistrioni.com,http://www.extratone.com/laments/sons/
"2017-02-28 03:23:34",admb69411@hit.mistrioni.com,https://twitter.com/eosnos/status/831360207590666240
"2017-02-28 03:23:38",lqgd75152@hit.mistrioni.com,https://twitter.com/eosnos/status/831360207590666240
"2017-02-28 03:23:47",kdmv52653@hit.mistrioni.com,https://twitter.com/eosnos/status/831360207590666240
"2017-02-28 03:23:53",pokz2074@hit.mistrioni.com,https://twitter.com/eosnos/status/831360207590666240
"2017-02-28 03:23:58",pevx84564@hit.mistrioni.com,https://twitter.com/eosnos/status/831360207590666240
"2017-02-28 03:24:03",xqjo46879@hit.mistrioni.com,https://twitter.com/eosnos/status/831360207590666240
"2017-02-28 03:24:08",vtck42957@hit.mistrioni.com,https://twitter.com/eosnos/status/831360207590666240
"2017-02-28 03:24:15",admb69411@hit.mistrioni.com,http://extratone.com
"2017-02-28 03:24:25",lqgd75152@hit.mistrioni.com,http://extratone.com
"2017-02-28 03:24:32",kdmv52653@hit.mistrioni.com,http://extratone.com
"2017-02-28 03:24:39",pokz2074@hit.mistrioni.com,http://extratone.com
"2017-02-28 03:24:44",pevx84564@hit.mistrioni.com,http://extratone.com
"2017-02-28 03:24:49",xqjo46879@hit.mistrioni.com,http://extratone.com
"2017-02-28 03:24:55",vtck42957@hit.mistrioni.com,http://extratone.com
"2017-02-28 03:24:58",admb69411@hit.mistrioni.com,http://extratone.com/freq/9
"2017-02-28 03:25:05",lqgd75152@hit.mistrioni.com,http://extratone.com/freq/9
"2017-02-28 03:25:12",kdmv52653@hit.mistrioni.com,http://extratone.com/freq/9
"2017-02-28 03:25:18",pokz2074@hit.mistrioni.com,http://extratone.com/freq/9
"2017-02-28 03:25:24",pevx84564@hit.mistrioni.com,http://extratone.com/freq/9
"2017-02-28 03:25:29",xqjo46879@hit.mistrioni.com,http://extratone.com/freq/9
"2017-02-28 03:25:34",vtck42957@hit.mistrioni.com,http://extratone.com/freq/9
"2017-02-28 03:25:40",admb69411@hit.mistrioni.com,http://extratone.com/tump
"2017-02-28 03:25:46",lqgd75152@hit.mistrioni.com,http://extratone.com/tump
"2017-02-28 03:25:50",kdmv52653@hit.mistrioni.com,http://extratone.com/tump
"2017-02-28 03:25:56",pokz2074@hit.mistrioni.com,http://extratone.com/tump
"2017-02-28 03:26:02",pevx84564@hit.mistrioni.com,http://extratone.com/tump
"2017-02-28 03:26:08",xqjo46879@hit.mistrioni.com,http://extratone.com/tump
"2017-02-28 03:26:13",vtck42957@hit.mistrioni.com,http://extratone.com/tump
"2017-02-28 03:26:18",admb69411@hit.mistrioni.com,http://extratone.com/home
"2017-02-28 03:26:25",lqgd75152@hit.mistrioni.com,http://extratone.com/home
"2017-02-28 03:26:33",kdmv52653@hit.mistrioni.com,http://extratone.com/home
"2017-02-28 03:26:41",pokz2074@hit.mistrioni.com,http://extratone.com/home
"2017-02-28 03:26:50",pevx84564@hit.mistrioni.com,http://extratone.com/home
"2017-02-28 03:26:59",xqjo46879@hit.mistrioni.com,http://extratone.com/home
"2017-02-28 03:27:06",vtck42957@hit.mistrioni.com,http://extratone.com/home
"2017-02-28 03:27:13",admb69411@hit.mistrioni.com,http://extratone.com/drycast
"2017-02-28 03:27:21",lqgd75152@hit.mistrioni.com,http://extratone.com/drycast
"2017-02-28 03:27:30",kdmv52653@hit.mistrioni.com,http://extratone.com/drycast
"2017-02-28 03:27:36",pokz2074@hit.mistrioni.com,http://extratone.com/drycast
"2017-02-28 03:27:43",pevx84564@hit.mistrioni.com,http://extratone.com/drycast
"2017-02-28 03:27:49",xqjo46879@hit.mistrioni.com,http://extratone.com/drycast
"2017-02-28 03:27:59",vtck42957@hit.mistrioni.com,http://extratone.com/drycast
"2017-02-28 03:28:08",admb69411@hit.mistrioni.com,http://extratone.com/freq/9
"2017-02-28 03:28:27",lqgd75152@hit.mistrioni.com,http://extratone.com/freq/9
"2017-02-28 03:28:33",kdmv52653@hit.mistrioni.com,http://extratone.com/freq/9
"2017-02-28 03:28:40",pokz2074@hit.mistrioni.com,http://extratone.com/freq/9
"2017-02-28 03:29:00",pokz2074@hit.mistrioni.com,http://extratone.com/freq/9
"2017-02-28 03:29:09",pevx84564@hit.mistrioni.com,http://extratone.com/freq/9
"2017-02-28 03:29:17",xqjo46879@hit.mistrioni.com,http://extratone.com/freq/9
"2017-02-28 03:29:26",vtck42957@hit.mistrioni.com,http://extratone.com/freq/9
"2017-02-28 03:29:36",admb69411@hit.mistrioni.com,http://www.extratone.com/laments/sons/
"2017-02-28 03:29:44",lqgd75152@hit.mistrioni.com,http://www.extratone.com/laments/sons/
"2017-02-28 03:32:44",lqgd75152@hit.mistrioni.com,http://www.extratone.com/laments/sons/
"2017-02-28 03:32:48",kdmv52653@hit.mistrioni.com,http://www.extratone.com/laments/sons/
"2017-02-28 03:32:52",pokz2074@hit.mistrioni.com,http://www.extratone.com/laments/sons/
"2017-02-28 03:33:01",pevx84564@hit.mistrioni.com,http://www.extratone.com/laments/sons/
"2017-02-28 03:33:08",xqjo46879@hit.mistrioni.com,http://www.extratone.com/laments/sons/
"2017-02-28 03:33:14",vtck42957@hit.mistrioni.com,http://www.extratone.com/laments/sons/
"2017-02-28 03:33:20",admb69411@hit.mistrioni.com,http://extratone.com/about
"2017-02-28 03:33:26",lqgd75152@hit.mistrioni.com,http://extratone.com/about
"2017-02-28 03:33:35",kdmv52653@hit.mistrioni.com,http://extratone.com/about
"2017-02-28 03:33:44",pokz2074@hit.mistrioni.com,http://extratone.com/about
"2017-02-28 03:33:53",pevx84564@hit.mistrioni.com,http://extratone.com/about
"2017-02-28 03:34:02",xqjo46879@hit.mistrioni.com,http://extratone.com/about
"2017-02-28 03:34:09",vtck42957@hit.mistrioni.com,http://extratone.com/about
"2017-02-28 03:34:16",admb69411@hit.mistrioni.com,http://extratone.com/privacypolicy
"2017-02-28 03:34:21",lqgd75152@hit.mistrioni.com,http://extratone.com/privacypolicy
"2017-02-28 03:34:28",kdmv52653@hit.mistrioni.com,http://extratone.com/privacypolicy
"2017-02-28 03:34:34",pokz2074@hit.mistrioni.com,http://extratone.com/privacypolicy
"2017-02-28 03:34:41",pevx84564@hit.mistrioni.com,http://extratone.com/privacypolicy
"2017-02-28 03:34:51",xqjo46879@hit.mistrioni.com,http://extratone.com/privacypolicy
"2017-02-28 03:36:20",admb69411@hit.mistrioni.com,http://www.twitter.com/extratone
"2017-02-28 03:36:38",lqgd75152@hit.mistrioni.com,http://www.twitter.com/extratone
"2017-02-28 03:37:30",lqgd75152@hit.mistrioni.com,http://www.twitter.com/extratone
"2017-02-28 03:37:35",kdmv52653@hit.mistrioni.com,http://www.twitter.com/extratone
"2017-02-28 03:37:40",pokz2074@hit.mistrioni.com,http://www.twitter.com/extratone
"2017-02-28 03:37:51",pevx84564@hit.mistrioni.com,http://www.twitter.com/extratone
"2017-02-28 03:37:55",xqjo46879@hit.mistrioni.com,http://www.twitter.com/extratone
"2017-02-28 03:38:01",vtck42957@hit.mistrioni.com,http://www.twitter.com/extratone
"2017-02-28 03:38:06",admb69411@hit.mistrioni.com,http://www.youtube.com/drywallmedia
"2017-02-28 03:38:08",lqgd75152@hit.mistrioni.com,http://www.youtube.com/drywallmedia
"2017-02-28 03:38:27",kdmv52653@hit.mistrioni.com,http://www.youtube.com/drywallmedia
"2017-02-28 03:38:30",pokz2074@hit.mistrioni.com,http://www.youtube.com/drywallmedia
"2017-02-28 03:38:39",pevx84564@hit.mistrioni.com,http://www.youtube.com/drywallmedia
"2017-02-28 03:38:40",xqjo46879@hit.mistrioni.com,http://www.youtube.com/drywallmedia
"2017-02-28 03:38:45",vtck42957@hit.mistrioni.com,http://www.youtube.com/drywallmedia
"2017-02-28 03:38:47",admb69411@hit.mistrioni.com,http://www.extratone.com/audio/drycast/ii/
"2017-02-28 03:39:03",lqgd75152@hit.mistrioni.com,http://www.extratone.com/audio/drycast/ii/
"2017-02-28 03:39:15",kdmv52653@hit.mistrioni.com,http://www.extratone.com/audio/drycast/ii/
"2017-02-28 03:39:19",pokz2074@hit.mistrioni.com,http://www.extratone.com/audio/drycast/ii/
"2017-02-28 03:39:38",pokz2074@hit.mistrioni.com,http://www.extratone.com/audio/drycast/ii/
"2017-02-28 03:39:48",pevx84564@hit.mistrioni.com,http://www.extratone.com/audio/drycast/ii/
"2017-02-28 03:40:14",xqjo46879@hit.mistrioni.com,http://www.extratone.com/audio/drycast/ii/
"2017-02-28 03:40:23",vtck42957@hit.mistrioni.com,http://www.extratone.com/audio/drycast/ii/
"2017-02-28 03:40:28",admb69411@hit.mistrioni.com,http://extratone.com/about
"2017-02-28 03:41:22",admb69411@hit.mistrioni.com,http://extratone.com/about
"2017-02-28 03:42:37",lqgd75152@hit.mistrioni.com,http://extratone.com/about
"2017-02-28 03:42:44",kdmv52653@hit.mistrioni.com,http://extratone.com/about
"2017-02-28 03:42:54",pokz2074@hit.mistrioni.com,http://extratone.com/about
"2017-02-28 03:43:04",pevx84564@hit.mistrioni.com,http://extratone.com/about
"2017-02-28 03:43:16",pevx84564@hit.mistrioni.com,http://extratone.com/about
"2017-02-28 03:43:33",pevx84564@hit.mistrioni.com,http://extratone.com/about
"2017-02-28 03:43:48",xqjo46879@hit.mistrioni.com,http://extratone.com/about
"2017-02-28 03:44:36",xqjo46879@hit.mistrioni.com,http://extratone.com/about
"2017-02-28 03:45:21",vtck42957@hit.mistrioni.com,http://extratone.com/about
"2017-02-28 03:48:23",vtck42957@hit.mistrioni.com,http://extratone.com/about
"2017-02-28 03:48:35",admb69411@hit.mistrioni.com,"http://twitter.com/intent/tweet?text=*|URL:MC_SUBJECT|*: *|URL:ARCHIVE_LINK_SHORT|*"
"2017-02-28 03:48:44",lqgd75152@hit.mistrioni.com,"http://twitter.com/intent/tweet?text=*|URL:MC_SUBJECT|*: *|URL:ARCHIVE_LINK_SHORT|*"
"2017-02-28 03:48:51",kdmv52653@hit.mistrioni.com,"http://twitter.com/intent/tweet?text=*|URL:MC_SUBJECT|*: *|URL:ARCHIVE_LINK_SHORT|*"
"2017-02-28 03:49:03",pokz2074@hit.mistrioni.com,"http://twitter.com/intent/tweet?text=*|URL:MC_SUBJECT|*: *|URL:ARCHIVE_LINK_SHORT|*"
"2017-02-28 03:49:19",pevx84564@hit.mistrioni.com,"http://twitter.com/intent/tweet?text=*|URL:MC_SUBJECT|*: *|URL:ARCHIVE_LINK_SHORT|*"
"2017-02-28 03:49:33",xqjo46879@hit.mistrioni.com,"http://twitter.com/intent/tweet?text=*|URL:MC_SUBJECT|*: *|URL:ARCHIVE_LINK_SHORT|*"
"2017-02-28 03:49:39",vtck42957@hit.mistrioni.com,"http://twitter.com/intent/tweet?text=*|URL:MC_SUBJECT|*: *|URL:ARCHIVE_LINK_SHORT|*"
"2017-02-28 03:49:45",admb69411@hit.mistrioni.com,http://www.facebook.com/sharer/sharer.php?u=*|URL:ARCHIVE_LINK_SHORT|*
"2017-02-28 03:49:56",lqgd75152@hit.mistrioni.com,http://www.facebook.com/sharer/sharer.php?u=*|URL:ARCHIVE_LINK_SHORT|*
"2017-02-28 03:50:04",kdmv52653@hit.mistrioni.com,http://www.facebook.com/sharer/sharer.php?u=*|URL:ARCHIVE_LINK_SHORT|*
"2017-02-28 03:50:18",pokz2074@hit.mistrioni.com,http://www.facebook.com/sharer/sharer.php?u=*|URL:ARCHIVE_LINK_SHORT|*
"2017-02-28 03:50:32",pevx84564@hit.mistrioni.com,http://www.facebook.com/sharer/sharer.php?u=*|URL:ARCHIVE_LINK_SHORT|*
"2017-02-28 03:50:47",xqjo46879@hit.mistrioni.com,http://www.facebook.com/sharer/sharer.php?u=*|URL:ARCHIVE_LINK_SHORT|*
"2017-02-28 03:50:56",vtck42957@hit.mistrioni.com,http://www.facebook.com/sharer/sharer.php?u=*|URL:ARCHIVE_LINK_SHORT|*
"2017-02-28 03:51:01",admb69411@hit.mistrioni.com,http://extratone.com/about
"2017-02-28 03:51:29",admb69411@hit.mistrioni.com,http://extratone.com/about
"2017-02-28 03:52:27",admb69411@hit.mistrioni.com,http://extratone.com/about
"2017-02-28 03:52:36",lqgd75152@hit.mistrioni.com,http://extratone.com/about
"2017-02-28 03:52:45",kdmv52653@hit.mistrioni.com,http://extratone.com/about
"2017-02-28 03:52:52",pokz2074@hit.mistrioni.com,http://extratone.com/about
"2017-02-28 03:53:01",pevx84564@hit.mistrioni.com,http://extratone.com/about
"2017-02-28 03:53:48",xqjo46879@hit.mistrioni.com,http://extratone.com/about
"2017-02-28 03:55:13",admb69411@hit.mistrioni.com,https://twitter.com/i/moments/824807998346428423
"2017-02-28 03:55:21",lqgd75152@hit.mistrioni.com,https://twitter.com/i/moments/824807998346428423
"2017-02-28 03:55:24",kdmv52653@hit.mistrioni.com,https://twitter.com/i/moments/824807998346428423
"2017-02-28 03:55:27",pokz2074@hit.mistrioni.com,https://twitter.com/i/moments/824807998346428423
"2017-02-28 03:55:31",pevx84564@hit.mistrioni.com,https://twitter.com/i/moments/824807998346428423
"2017-02-28 03:55:36",xqjo46879@hit.mistrioni.com,https://twitter.com/i/moments/824807998346428423
"2017-02-28 03:56:42",admb69411@hit.mistrioni.com,http://extratone.com/trent
"2017-02-28 03:56:51",lqgd75152@hit.mistrioni.com,http://extratone.com/trent
"2017-02-28 03:57:01",kdmv52653@hit.mistrioni.com,http://extratone.com/trent
"2017-02-28 03:57:10",pokz2074@hit.mistrioni.com,http://extratone.com/trent
"2017-02-28 03:57:24",pevx84564@hit.mistrioni.com,http://extratone.com/trent
"2017-02-28 03:57:36",xqjo46879@hit.mistrioni.com,http://extratone.com/trent
"2017-02-28 03:57:49",vtck42957@hit.mistrioni.com,http://extratone.com/trent
"2017-02-28 03:58:00",admb69411@hit.mistrioni.com,http://extratone.com/tump
"2017-02-28 03:58:08",lqgd75152@hit.mistrioni.com,http://extratone.com/tump
"2017-02-28 03:58:16",kdmv52653@hit.mistrioni.com,http://extratone.com/tump
"2017-02-28 03:58:25",pokz2074@hit.mistrioni.com,http://extratone.com/tump
"2017-02-28 03:58:33",pevx84564@hit.mistrioni.com,http://extratone.com/tump
"2017-02-28 03:58:39",xqjo46879@hit.mistrioni.com,http://extratone.com/tump
"2017-02-28 03:58:47",vtck42957@hit.mistrioni.com,http://extratone.com/tump
"2017-02-28 05:35:34",sentreh@gmail.com,http://extratone.com/tump
"2017-02-28 05:35:37",sentreh@gmail.com,http://extratone.com/tump/integrity
