Timestamp,Email,Url
"2017-08-13 02:01:28",marcelynspinella125@mail.ru,https://loggedoff.simplecast.fm/episodes/80528-4-never-upset-about-a-wife
"2017-08-13 02:01:29",marcelynspinella125@mail.ru,https://theoutline.com/post/2090/you-can-t-boycott-google
"2017-08-13 02:01:31",marcelynspinella125@mail.ru,https://www.facebook.com/extratonemagazine
"2017-08-13 02:01:33",marcelynspinella125@mail.ru,https://www.facebook.com/extratonemagazine
"2017-08-13 02:01:35",marcelynspinella125@mail.ru,https://www.nytimes.com/2017/08/04/upshot/the-all-conquering-air-conditioner.html
"2017-08-13 02:01:38",marcelynspinella125@mail.ru,https://www.thisamericanlife.org/radio-archives/episode/622/who-you-gonna-call
"2017-08-13 02:01:40",marcelynspinella125@mail.ru,http://theforecaster-interactive.com/
"2017-08-13 02:01:42",marcelynspinella125@mail.ru,http://instagram.com/extratonemag
"2017-08-13 02:01:46",marcelynspinella125@mail.ru,https://theoutline.com/post/2088/sycophantic-journalists-and-the-monsters-they-love
"2017-08-13 02:01:51",marcelynspinella125@mail.ru,https://gimletmedia.com/episode/103-long-distance-part-ii/
"2017-08-13 02:01:53",marcelynspinella125@mail.ru,https://twitter.com/ammnontet/status/895471148879630336
"2017-08-13 02:01:53",marcelynspinella125@mail.ru,https://bittersweetmonthly.com/stories/plant-it-forward
"2017-08-13 02:01:54",marcelynspinella125@mail.ru,https://theoutline.com/post/2074/empowering-my-ass-capitalist-feminism
"2017-08-13 02:01:58",marcelynspinella125@mail.ru,http://www.newyorker.com/news/john-cassidy/donald-trumps-nuclear-war-threat
"2017-08-13 02:02:03",marcelynspinella125@mail.ru,http://www.youtube.com/extratone
"2017-08-13 02:02:05",marcelynspinella125@mail.ru,http://www.niemanlab.org/2017/08/techdirt-sued-by-the-lawyer-who-fought-gawker-gets-250000-to-cover-freedom-of-speech-issues/
"2017-08-13 02:02:05",marcelynspinella125@mail.ru,https://theoutline.com/post/1951/david-avocado-wolfe-is-the-biggest-asshole-in-the-multiverse
"2017-08-13 02:02:07",marcelynspinella125@mail.ru,http://www.newyorker.com/culture/photo-booth/what-rampant-materialism-looks-like-and-what-it-costs
"2017-08-13 02:02:12",marcelynspinella125@mail.ru,https://theoutline.com/post/2071/stop-pretending-to-be-poor-to-make-a-point
"2017-08-13 02:02:17",marcelynspinella125@mail.ru,https://www.theguardian.com/environment/2017/aug/07/usda-climate-change-language-censorship-emails
"2017-08-13 02:02:19",marcelynspinella125@mail.ru,https://www.mcsweeneys.net/articles/how-i-used-tinder-smart-photos-to-prove-once-and-for-all-that-im-more-attractive-than-a-plate-of-cold-refried-beans
"2017-08-13 02:02:19",marcelynspinella125@mail.ru,https://theoutline.com/post/2074/empowering-my-ass-capitalist-feminism
"2017-08-13 02:02:21",marcelynspinella125@mail.ru,https://www.reddit.com/r/CoolGamesInc/comments/6rybbt/what_nick_did_is_more_than_bad_flirting/
"2017-08-13 02:02:25",marcelynspinella125@mail.ru,https://www.theguardian.com/environment/2017/aug/07/usda-climate-change-language-censorship-emails
"2017-08-13 02:02:26",marcelynspinella125@mail.ru,http://bit.ly/kayaktruth
"2017-08-13 02:02:29",marcelynspinella125@mail.ru,http://www.youtube.com/extratone
"2017-08-13 02:02:30",marcelynspinella125@mail.ru,http://www.newyorker.com/culture/culture-desk/things-to-do-with-newspapers-to-avoid-reading-them
"2017-08-13 02:02:31",marcelynspinella125@mail.ru,https://www.recode.net/2017/8/6/16103800/electronic-gadgets-americans-using-less-electricity-energy-information-administration
"2017-08-13 02:02:32",marcelynspinella125@mail.ru,http://instagram.com/extratonemag
"2017-08-13 02:02:32",marcelynspinella125@mail.ru,https://theoutline.com/post/1951/david-avocado-wolfe-is-the-biggest-asshole-in-the-multiverse
"2017-08-13 02:02:33",marcelynspinella125@mail.ru,http://theforecaster-interactive.com/
"2017-08-13 02:02:34",marcelynspinella125@mail.ru,https://theoutline.com/post/2059/how-to-prank-the-rich-and-powerful-without-really-trying
"2017-08-13 02:02:35",marcelynspinella125@mail.ru,http://extratone.com/junction
"2017-08-13 02:02:38",marcelynspinella125@mail.ru,https://theoutline.com/post/2088/sycophantic-journalists-and-the-monsters-they-love
"2017-08-13 02:02:38",marcelynspinella125@mail.ru,https://www.recode.net/2017/8/6/16103800/electronic-gadgets-americans-using-less-electricity-energy-information-administration
"2017-08-13 02:02:39",marcelynspinella125@mail.ru,http://www.adweek.com/digital/bloomberg-is-tapping-its-deep-resources-to-provide-consulting-services-for-businesses/
"2017-08-13 02:02:39",marcelynspinella125@mail.ru,http://www.adweek.com/digital/bloomberg-is-tapping-its-deep-resources-to-provide-consulting-services-for-businesses/
"2017-08-13 02:02:39",marcelynspinella125@mail.ru,http://www.adweek.com/digital/bloomberg-is-tapping-its-deep-resources-to-provide-consulting-services-for-businesses/
"2017-08-13 02:02:40",marcelynspinella125@mail.ru,https://gimletmedia.com/episode/103-long-distance-part-ii/
"2017-08-13 02:02:40",marcelynspinella125@mail.ru,https://theoutline.com/post/2059/how-to-prank-the-rich-and-powerful-without-really-trying
"2017-08-13 02:02:41",marcelynspinella125@mail.ru,https://suitcasemag.com/fashion/global-style/icelandic-inspiration-with-levis-global-design-directors-nick-rendic-and-nicolle-arbour/
"2017-08-13 02:02:44",marcelynspinella125@mail.ru,http://www.newyorker.com/magazine/2017/08/07/rachel-cusk-gut-renovates-the-novel
"2017-08-13 02:02:46",marcelynspinella125@mail.ru,http://www.newyorker.com/magazine/2017/08/07/rachel-cusk-gut-renovates-the-novel
"2017-08-13 02:02:47",marcelynspinella125@mail.ru,https://theoutline.com/post/2078/amazon-jobs-e-commerce-steel-country-lehigh-valley
"2017-08-13 02:02:47",marcelynspinella125@mail.ru,http://www.adweek.com/digital/bloomberg-is-tapping-its-deep-resources-to-provide-consulting-services-for-businesses/
"2017-08-13 02:02:47",marcelynspinella125@mail.ru,http://www.adweek.com/digital/bloomberg-is-tapping-its-deep-resources-to-provide-consulting-services-for-businesses/
"2017-08-13 02:02:48",marcelynspinella125@mail.ru,http://www.adweek.com/digital/bloomberg-is-tapping-its-deep-resources-to-provide-consulting-services-for-businesses/
"2017-08-13 02:02:48",marcelynspinella125@mail.ru,https://www.mcsweeneys.net/articles/how-i-used-tinder-smart-photos-to-prove-once-and-for-all-that-im-more-attractive-than-a-plate-of-cold-refried-beans
"2017-08-13 02:02:48",marcelynspinella125@mail.ru,https://www.reddit.com/r/CoolGamesInc/comments/6rybbt/what_nick_did_is_more_than_bad_flirting/
"2017-08-13 02:02:49",marcelynspinella125@mail.ru,http://extratone.com/junction
"2017-08-13 02:02:52",marcelynspinella125@mail.ru,https://loggedoff.simplecast.fm/episodes/80528-4-never-upset-about-a-wife
"2017-08-13 02:02:53",marcelynspinella125@mail.ru,https://www.thisamericanlife.org/radio-archives/episode/622/who-you-gonna-call
"2017-08-13 02:02:54",marcelynspinella125@mail.ru,http://www.newyorker.com/culture/photo-booth/what-rampant-materialism-looks-like-and-what-it-costs
"2017-08-13 02:02:55",marcelynspinella125@mail.ru,https://www.twitter.com/extratone/
"2017-08-13 02:02:57",marcelynspinella125@mail.ru,http://www.newyorker.com/magazine/2017/08/07/what-meditation-can-do-for-us-and-what-it-cant
"2017-08-13 02:02:57",marcelynspinella125@mail.ru,http://www.niemanlab.org/2017/08/techdirt-sued-by-the-lawyer-who-fought-gawker-gets-250000-to-cover-freedom-of-speech-issues/
"2017-08-13 02:02:58",marcelynspinella125@mail.ru,https://twitter.com/ammnontet/status/895471148879630336
"2017-08-13 02:02:59",marcelynspinella125@mail.ru,https://theoutline.com/post/2090/you-can-t-boycott-google
"2017-08-13 02:03:00",marcelynspinella125@mail.ru,http://www.newyorker.com/news/john-cassidy/donald-trumps-nuclear-war-threat
"2017-08-13 02:03:01",marcelynspinella125@mail.ru,https://theoutline.com/post/2078/amazon-jobs-e-commerce-steel-country-lehigh-valley
"2017-08-13 02:03:01",marcelynspinella125@mail.ru,https://www.nytimes.com/2017/08/04/upshot/the-all-conquering-air-conditioner.html
"2017-08-13 02:03:01",marcelynspinella125@mail.ru,https://www.cjr.org/special_report/qa-terry-gross-explains-why-shes-terrified-of-being-a-reporter.php
"2017-08-13 02:03:02",marcelynspinella125@mail.ru,http://www.newyorker.com/magazine/2017/08/07/what-meditation-can-do-for-us-and-what-it-cant
"2017-08-13 02:03:03",marcelynspinella125@mail.ru,https://www.twitter.com/extratone/
"2017-08-13 02:03:04",marcelynspinella125@mail.ru,https://suitcasemag.com/fashion/global-style/icelandic-inspiration-with-levis-global-design-directors-nick-rendic-and-nicolle-arbour/
"2017-08-13 02:03:06",marcelynspinella125@mail.ru,http://bit.ly/extraread
"2017-08-13 02:03:07",marcelynspinella125@mail.ru,https://bittersweetmonthly.com/stories/plant-it-forward
"2017-08-13 02:03:08",marcelynspinella125@mail.ru,http://bit.ly/kayaktruth
"2017-08-13 02:03:11",marcelynspinella125@mail.ru,http://bit.ly/extraread
"2017-08-13 02:03:13",marcelynspinella125@mail.ru,http://www.newyorker.com/culture/culture-desk/things-to-do-with-newspapers-to-avoid-reading-them
"2017-08-13 02:03:14",marcelynspinella125@mail.ru,https://theoutline.com/post/2071/stop-pretending-to-be-poor-to-make-a-point
"2017-08-13 02:03:14",marcelynspinella125@mail.ru,https://www.cjr.org/special_report/qa-terry-gross-explains-why-shes-terrified-of-being-a-reporter.php
"2017-08-13 02:19:35",lelandforst437@mail.ru,https://loggedoff.simplecast.fm/episodes/80528-4-never-upset-about-a-wife
"2017-08-13 02:19:35",lelandforst437@mail.ru,https://theoutline.com/post/2090/you-can-t-boycott-google
"2017-08-13 02:19:36",lelandforst437@mail.ru,https://www.facebook.com/extratonemagazine
"2017-08-13 02:19:37",lelandforst437@mail.ru,https://www.facebook.com/extratonemagazine
"2017-08-13 02:19:38",lelandforst437@mail.ru,https://www.nytimes.com/2017/08/04/upshot/the-all-conquering-air-conditioner.html
"2017-08-13 02:19:40",lelandforst437@mail.ru,https://www.thisamericanlife.org/radio-archives/episode/622/who-you-gonna-call
"2017-08-13 02:19:41",lelandforst437@mail.ru,http://theforecaster-interactive.com/
"2017-08-13 02:19:44",lelandforst437@mail.ru,http://instagram.com/extratonemag
"2017-08-13 02:19:45",lelandforst437@mail.ru,https://theoutline.com/post/2088/sycophantic-journalists-and-the-monsters-they-love
"2017-08-13 02:19:47",lelandforst437@mail.ru,https://gimletmedia.com/episode/103-long-distance-part-ii/
"2017-08-13 02:19:48",lelandforst437@mail.ru,https://twitter.com/ammnontet/status/895471148879630336
"2017-08-13 02:19:50",lelandforst437@mail.ru,https://bittersweetmonthly.com/stories/plant-it-forward
"2017-08-13 02:19:52",lelandforst437@mail.ru,https://theoutline.com/post/2074/empowering-my-ass-capitalist-feminism
"2017-08-13 02:19:52",lelandforst437@mail.ru,http://www.newyorker.com/news/john-cassidy/donald-trumps-nuclear-war-threat
"2017-08-13 02:19:55",lelandforst437@mail.ru,http://www.youtube.com/extratone
"2017-08-13 02:19:57",lelandforst437@mail.ru,https://theoutline.com/post/1951/david-avocado-wolfe-is-the-biggest-asshole-in-the-multiverse
"2017-08-13 02:19:58",lelandforst437@mail.ru,http://www.niemanlab.org/2017/08/techdirt-sued-by-the-lawyer-who-fought-gawker-gets-250000-to-cover-freedom-of-speech-issues/
"2017-08-13 02:19:59",lelandforst437@mail.ru,http://www.newyorker.com/culture/photo-booth/what-rampant-materialism-looks-like-and-what-it-costs
"2017-08-13 02:20:01",lelandforst437@mail.ru,https://theoutline.com/post/2071/stop-pretending-to-be-poor-to-make-a-point
"2017-08-13 02:20:02",lelandforst437@mail.ru,https://www.theguardian.com/environment/2017/aug/07/usda-climate-change-language-censorship-emails
"2017-08-13 02:20:06",lelandforst437@mail.ru,https://theoutline.com/post/2074/empowering-my-ass-capitalist-feminism
"2017-08-13 02:20:07",lelandforst437@mail.ru,https://www.mcsweeneys.net/articles/how-i-used-tinder-smart-photos-to-prove-once-and-for-all-that-im-more-attractive-than-a-plate-of-cold-refried-beans
"2017-08-13 02:20:08",lelandforst437@mail.ru,https://www.reddit.com/r/CoolGamesInc/comments/6rybbt/what_nick_did_is_more_than_bad_flirting/
"2017-08-13 02:20:11",lelandforst437@mail.ru,https://www.theguardian.com/environment/2017/aug/07/usda-climate-change-language-censorship-emails
"2017-08-13 02:20:12",lelandforst437@mail.ru,http://bit.ly/kayaktruth
"2017-08-13 02:20:16",lelandforst437@mail.ru,http://www.youtube.com/extratone
"2017-08-13 02:20:17",lelandforst437@mail.ru,http://www.newyorker.com/culture/culture-desk/things-to-do-with-newspapers-to-avoid-reading-them
"2017-08-13 02:20:19",lelandforst437@mail.ru,https://www.recode.net/2017/8/6/16103800/electronic-gadgets-americans-using-less-electricity-energy-information-administration
"2017-08-13 02:20:21",lelandforst437@mail.ru,https://theoutline.com/post/1951/david-avocado-wolfe-is-the-biggest-asshole-in-the-multiverse
"2017-08-13 02:20:22",lelandforst437@mail.ru,http://instagram.com/extratonemag
"2017-08-13 02:20:23",lelandforst437@mail.ru,http://theforecaster-interactive.com/
"2017-08-13 02:20:26",lelandforst437@mail.ru,http://extratone.com/junction
"2017-08-13 02:20:26",lelandforst437@mail.ru,https://theoutline.com/post/2059/how-to-prank-the-rich-and-powerful-without-really-trying
"2017-08-13 02:20:29",lelandforst437@mail.ru,https://theoutline.com/post/2088/sycophantic-journalists-and-the-monsters-they-love
"2017-08-13 02:20:30",lelandforst437@mail.ru,https://www.recode.net/2017/8/6/16103800/electronic-gadgets-americans-using-less-electricity-energy-information-administration
"2017-08-13 02:20:31",lelandforst437@mail.ru,http://www.adweek.com/digital/bloomberg-is-tapping-its-deep-resources-to-provide-consulting-services-for-businesses/
"2017-08-13 02:20:32",lelandforst437@mail.ru,https://gimletmedia.com/episode/103-long-distance-part-ii/
"2017-08-13 02:20:33",lelandforst437@mail.ru,https://theoutline.com/post/2059/how-to-prank-the-rich-and-powerful-without-really-trying
"2017-08-13 02:20:34",lelandforst437@mail.ru,https://suitcasemag.com/fashion/global-style/icelandic-inspiration-with-levis-global-design-directors-nick-rendic-and-nicolle-arbour/
"2017-08-13 02:20:36",lelandforst437@mail.ru,http://www.newyorker.com/magazine/2017/08/07/rachel-cusk-gut-renovates-the-novel
"2017-08-13 02:20:43",lelandforst437@mail.ru,http://www.newyorker.com/magazine/2017/08/07/rachel-cusk-gut-renovates-the-novel
"2017-08-13 02:20:44",lelandforst437@mail.ru,https://theoutline.com/post/2078/amazon-jobs-e-commerce-steel-country-lehigh-valley
"2017-08-13 02:20:44",lelandforst437@mail.ru,http://www.adweek.com/digital/bloomberg-is-tapping-its-deep-resources-to-provide-consulting-services-for-businesses/
"2017-08-13 02:20:45",lelandforst437@mail.ru,https://www.mcsweeneys.net/articles/how-i-used-tinder-smart-photos-to-prove-once-and-for-all-that-im-more-attractive-than-a-plate-of-cold-refried-beans
"2017-08-13 02:20:46",lelandforst437@mail.ru,https://www.reddit.com/r/CoolGamesInc/comments/6rybbt/what_nick_did_is_more_than_bad_flirting/
"2017-08-13 02:20:47",lelandforst437@mail.ru,http://extratone.com/junction
"2017-08-13 02:20:50",lelandforst437@mail.ru,https://www.thisamericanlife.org/radio-archives/episode/622/who-you-gonna-call
"2017-08-13 02:20:50",lelandforst437@mail.ru,https://loggedoff.simplecast.fm/episodes/80528-4-never-upset-about-a-wife
"2017-08-13 02:20:52",lelandforst437@mail.ru,http://www.newyorker.com/culture/photo-booth/what-rampant-materialism-looks-like-and-what-it-costs
"2017-08-13 02:20:54",lelandforst437@mail.ru,https://www.twitter.com/extratone/
"2017-08-13 02:20:55",lelandforst437@mail.ru,http://www.niemanlab.org/2017/08/techdirt-sued-by-the-lawyer-who-fought-gawker-gets-250000-to-cover-freedom-of-speech-issues/
"2017-08-13 02:20:56",lelandforst437@mail.ru,http://www.newyorker.com/magazine/2017/08/07/what-meditation-can-do-for-us-and-what-it-cant
"2017-08-13 02:20:58",lelandforst437@mail.ru,https://twitter.com/ammnontet/status/895471148879630336
"2017-08-13 02:21:01",lelandforst437@mail.ru,https://theoutline.com/post/2090/you-can-t-boycott-google
"2017-08-13 02:21:02",lelandforst437@mail.ru,http://www.newyorker.com/news/john-cassidy/donald-trumps-nuclear-war-threat
"2017-08-13 02:21:03",lelandforst437@mail.ru,https://theoutline.com/post/2078/amazon-jobs-e-commerce-steel-country-lehigh-valley
"2017-08-13 02:21:04",lelandforst437@mail.ru,https://www.cjr.org/special_report/qa-terry-gross-explains-why-shes-terrified-of-being-a-reporter.php
"2017-08-13 02:21:04",lelandforst437@mail.ru,https://www.nytimes.com/2017/08/04/upshot/the-all-conquering-air-conditioner.html
"2017-08-13 02:21:05",lelandforst437@mail.ru,http://www.newyorker.com/magazine/2017/08/07/what-meditation-can-do-for-us-and-what-it-cant
"2017-08-13 02:21:06",lelandforst437@mail.ru,https://www.twitter.com/extratone/
"2017-08-13 02:21:07",lelandforst437@mail.ru,https://suitcasemag.com/fashion/global-style/icelandic-inspiration-with-levis-global-design-directors-nick-rendic-and-nicolle-arbour/
"2017-08-13 02:21:09",lelandforst437@mail.ru,http://bit.ly/extraread
"2017-08-13 02:21:10",lelandforst437@mail.ru,https://bittersweetmonthly.com/stories/plant-it-forward
"2017-08-13 02:21:11",lelandforst437@mail.ru,http://bit.ly/kayaktruth
"2017-08-13 02:21:15",lelandforst437@mail.ru,http://bit.ly/extraread
"2017-08-13 02:21:16",lelandforst437@mail.ru,http://www.newyorker.com/culture/culture-desk/things-to-do-with-newspapers-to-avoid-reading-them
"2017-08-13 02:21:19",lelandforst437@mail.ru,https://www.cjr.org/special_report/qa-terry-gross-explains-why-shes-terrified-of-being-a-reporter.php
"2017-08-13 02:21:20",lelandforst437@mail.ru,https://theoutline.com/post/2071/stop-pretending-to-be-poor-to-make-a-point
"2017-08-13 02:21:40",franciscohomestead604@mail.ru,https://loggedoff.simplecast.fm/episodes/80528-4-never-upset-about-a-wife
"2017-08-13 02:21:42",franciscohomestead604@mail.ru,https://theoutline.com/post/2090/you-can-t-boycott-google
"2017-08-13 02:21:43",franciscohomestead604@mail.ru,https://www.facebook.com/extratonemagazine
"2017-08-13 02:21:45",franciscohomestead604@mail.ru,https://www.facebook.com/extratonemagazine
"2017-08-13 02:21:47",franciscohomestead604@mail.ru,https://www.nytimes.com/2017/08/04/upshot/the-all-conquering-air-conditioner.html
"2017-08-13 02:21:48",franciscohomestead604@mail.ru,https://www.thisamericanlife.org/radio-archives/episode/622/who-you-gonna-call
"2017-08-13 02:21:50",franciscohomestead604@mail.ru,http://theforecaster-interactive.com/
"2017-08-13 02:21:52",franciscohomestead604@mail.ru,http://instagram.com/extratonemag
"2017-08-13 02:21:54",franciscohomestead604@mail.ru,https://theoutline.com/post/2088/sycophantic-journalists-and-the-monsters-they-love
"2017-08-13 02:21:55",franciscohomestead604@mail.ru,https://gimletmedia.com/episode/103-long-distance-part-ii/
"2017-08-13 02:21:56",franciscohomestead604@mail.ru,https://twitter.com/ammnontet/status/895471148879630336
"2017-08-13 02:21:57",franciscohomestead604@mail.ru,https://bittersweetmonthly.com/stories/plant-it-forward
"2017-08-13 02:21:57",franciscohomestead604@mail.ru,https://theoutline.com/post/2074/empowering-my-ass-capitalist-feminism
"2017-08-13 02:21:58",franciscohomestead604@mail.ru,http://www.newyorker.com/news/john-cassidy/donald-trumps-nuclear-war-threat
"2017-08-13 02:22:00",franciscohomestead604@mail.ru,http://www.youtube.com/extratone
"2017-08-13 02:22:01",franciscohomestead604@mail.ru,https://theoutline.com/post/1951/david-avocado-wolfe-is-the-biggest-asshole-in-the-multiverse
"2017-08-13 02:22:02",franciscohomestead604@mail.ru,http://www.niemanlab.org/2017/08/techdirt-sued-by-the-lawyer-who-fought-gawker-gets-250000-to-cover-freedom-of-speech-issues/
"2017-08-13 02:22:02",franciscohomestead604@mail.ru,http://www.newyorker.com/culture/photo-booth/what-rampant-materialism-looks-like-and-what-it-costs
"2017-08-13 02:22:03",franciscohomestead604@mail.ru,https://theoutline.com/post/2071/stop-pretending-to-be-poor-to-make-a-point
"2017-08-13 02:22:04",franciscohomestead604@mail.ru,https://www.theguardian.com/environment/2017/aug/07/usda-climate-change-language-censorship-emails
"2017-08-13 02:22:05",franciscohomestead604@mail.ru,https://theoutline.com/post/2074/empowering-my-ass-capitalist-feminism
"2017-08-13 02:22:06",franciscohomestead604@mail.ru,https://www.mcsweeneys.net/articles/how-i-used-tinder-smart-photos-to-prove-once-and-for-all-that-im-more-attractive-than-a-plate-of-cold-refried-beans
"2017-08-13 02:22:06",franciscohomestead604@mail.ru,https://www.reddit.com/r/CoolGamesInc/comments/6rybbt/what_nick_did_is_more_than_bad_flirting/
"2017-08-13 02:22:07",franciscohomestead604@mail.ru,https://www.theguardian.com/environment/2017/aug/07/usda-climate-change-language-censorship-emails
"2017-08-13 02:22:08",franciscohomestead604@mail.ru,http://bit.ly/kayaktruth
"2017-08-13 02:22:11",franciscohomestead604@mail.ru,http://www.youtube.com/extratone
"2017-08-13 02:22:12",franciscohomestead604@mail.ru,http://www.newyorker.com/culture/culture-desk/things-to-do-with-newspapers-to-avoid-reading-them
"2017-08-13 02:22:13",franciscohomestead604@mail.ru,https://www.recode.net/2017/8/6/16103800/electronic-gadgets-americans-using-less-electricity-energy-information-administration
"2017-08-13 02:22:14",franciscohomestead604@mail.ru,https://theoutline.com/post/1951/david-avocado-wolfe-is-the-biggest-asshole-in-the-multiverse
"2017-08-13 02:22:14",franciscohomestead604@mail.ru,http://instagram.com/extratonemag
"2017-08-13 02:22:15",franciscohomestead604@mail.ru,http://theforecaster-interactive.com/
"2017-08-13 02:22:16",franciscohomestead604@mail.ru,https://theoutline.com/post/2059/how-to-prank-the-rich-and-powerful-without-really-trying
"2017-08-13 02:22:17",franciscohomestead604@mail.ru,http://extratone.com/junction
"2017-08-13 02:22:21",franciscohomestead604@mail.ru,https://www.recode.net/2017/8/6/16103800/electronic-gadgets-americans-using-less-electricity-energy-information-administration
"2017-08-13 02:22:21",franciscohomestead604@mail.ru,https://theoutline.com/post/2088/sycophantic-journalists-and-the-monsters-they-love
"2017-08-13 02:22:22",franciscohomestead604@mail.ru,http://www.adweek.com/digital/bloomberg-is-tapping-its-deep-resources-to-provide-consulting-services-for-businesses/
"2017-08-13 02:22:23",franciscohomestead604@mail.ru,https://suitcasemag.com/fashion/global-style/icelandic-inspiration-with-levis-global-design-directors-nick-rendic-and-nicolle-arbour/
"2017-08-13 02:22:23",franciscohomestead604@mail.ru,https://gimletmedia.com/episode/103-long-distance-part-ii/
"2017-08-13 02:22:23",franciscohomestead604@mail.ru,https://theoutline.com/post/2059/how-to-prank-the-rich-and-powerful-without-really-trying
"2017-08-13 02:22:26",franciscohomestead604@mail.ru,http://www.newyorker.com/magazine/2017/08/07/rachel-cusk-gut-renovates-the-novel
"2017-08-13 02:22:27",franciscohomestead604@mail.ru,http://www.newyorker.com/magazine/2017/08/07/rachel-cusk-gut-renovates-the-novel
"2017-08-13 02:22:28",franciscohomestead604@mail.ru,https://theoutline.com/post/2078/amazon-jobs-e-commerce-steel-country-lehigh-valley
"2017-08-13 02:22:29",franciscohomestead604@mail.ru,http://www.adweek.com/digital/bloomberg-is-tapping-its-deep-resources-to-provide-consulting-services-for-businesses/
"2017-08-13 02:22:29",franciscohomestead604@mail.ru,https://www.mcsweeneys.net/articles/how-i-used-tinder-smart-photos-to-prove-once-and-for-all-that-im-more-attractive-than-a-plate-of-cold-refried-beans
"2017-08-13 02:22:30",franciscohomestead604@mail.ru,https://www.reddit.com/r/CoolGamesInc/comments/6rybbt/what_nick_did_is_more_than_bad_flirting/
"2017-08-13 02:22:31",franciscohomestead604@mail.ru,http://extratone.com/junction
"2017-08-13 02:22:34",franciscohomestead604@mail.ru,https://loggedoff.simplecast.fm/episodes/80528-4-never-upset-about-a-wife
"2017-08-13 02:22:35",franciscohomestead604@mail.ru,https://www.thisamericanlife.org/radio-archives/episode/622/who-you-gonna-call
"2017-08-13 02:22:36",franciscohomestead604@mail.ru,http://www.newyorker.com/culture/photo-booth/what-rampant-materialism-looks-like-and-what-it-costs
"2017-08-13 02:22:37",franciscohomestead604@mail.ru,https://www.twitter.com/extratone/
"2017-08-13 02:22:38",franciscohomestead604@mail.ru,http://www.niemanlab.org/2017/08/techdirt-sued-by-the-lawyer-who-fought-gawker-gets-250000-to-cover-freedom-of-speech-issues/
"2017-08-13 02:22:38",franciscohomestead604@mail.ru,http://www.newyorker.com/magazine/2017/08/07/what-meditation-can-do-for-us-and-what-it-cant
"2017-08-13 02:22:39",franciscohomestead604@mail.ru,https://twitter.com/ammnontet/status/895471148879630336
"2017-08-13 02:22:40",franciscohomestead604@mail.ru,https://theoutline.com/post/2090/you-can-t-boycott-google
"2017-08-13 02:22:40",franciscohomestead604@mail.ru,http://www.newyorker.com/news/john-cassidy/donald-trumps-nuclear-war-threat
"2017-08-13 02:22:41",franciscohomestead604@mail.ru,https://theoutline.com/post/2078/amazon-jobs-e-commerce-steel-country-lehigh-valley
"2017-08-13 02:22:42",franciscohomestead604@mail.ru,https://www.nytimes.com/2017/08/04/upshot/the-all-conquering-air-conditioner.html
"2017-08-13 02:22:43",franciscohomestead604@mail.ru,https://www.cjr.org/special_report/qa-terry-gross-explains-why-shes-terrified-of-being-a-reporter.php
"2017-08-13 02:22:44",franciscohomestead604@mail.ru,http://www.newyorker.com/magazine/2017/08/07/what-meditation-can-do-for-us-and-what-it-cant
"2017-08-13 02:22:45",franciscohomestead604@mail.ru,https://www.twitter.com/extratone/
"2017-08-13 02:22:46",franciscohomestead604@mail.ru,https://suitcasemag.com/fashion/global-style/icelandic-inspiration-with-levis-global-design-directors-nick-rendic-and-nicolle-arbour/
"2017-08-13 02:22:49",franciscohomestead604@mail.ru,http://bit.ly/extraread
"2017-08-13 02:22:51",franciscohomestead604@mail.ru,https://bittersweetmonthly.com/stories/plant-it-forward
"2017-08-13 02:22:53",franciscohomestead604@mail.ru,http://bit.ly/kayaktruth
"2017-08-13 02:22:56",franciscohomestead604@mail.ru,http://bit.ly/extraread
"2017-08-13 02:22:57",franciscohomestead604@mail.ru,http://www.newyorker.com/culture/culture-desk/things-to-do-with-newspapers-to-avoid-reading-them
"2017-08-13 02:22:58",franciscohomestead604@mail.ru,https://www.cjr.org/special_report/qa-terry-gross-explains-why-shes-terrified-of-being-a-reporter.php
"2017-08-13 02:22:59",franciscohomestead604@mail.ru,https://theoutline.com/post/2071/stop-pretending-to-be-poor-to-make-a-point
"2017-08-13 15:12:22",margaritadisandro194@mail.ru,https://loggedoff.simplecast.fm/episodes/80528-4-never-upset-about-a-wife
"2017-08-13 15:12:23",margaritadisandro194@mail.ru,https://theoutline.com/post/2090/you-can-t-boycott-google
"2017-08-13 15:12:23",margaritadisandro194@mail.ru,https://www.facebook.com/extratonemagazine
"2017-08-13 15:12:24",margaritadisandro194@mail.ru,https://www.facebook.com/extratonemagazine
"2017-08-13 15:12:25",margaritadisandro194@mail.ru,https://www.nytimes.com/2017/08/04/upshot/the-all-conquering-air-conditioner.html
"2017-08-13 15:12:25",margaritadisandro194@mail.ru,https://www.thisamericanlife.org/radio-archives/episode/622/who-you-gonna-call
"2017-08-13 15:12:26",margaritadisandro194@mail.ru,http://theforecaster-interactive.com/
"2017-08-13 15:12:28",margaritadisandro194@mail.ru,http://instagram.com/extratonemag
"2017-08-13 15:12:30",margaritadisandro194@mail.ru,https://theoutline.com/post/2088/sycophantic-journalists-and-the-monsters-they-love
"2017-08-13 15:12:31",margaritadisandro194@mail.ru,https://gimletmedia.com/episode/103-long-distance-part-ii/
"2017-08-13 15:12:33",margaritadisandro194@mail.ru,https://twitter.com/ammnontet/status/895471148879630336
"2017-08-13 15:12:33",margaritadisandro194@mail.ru,https://bittersweetmonthly.com/stories/plant-it-forward
"2017-08-13 15:12:35",margaritadisandro194@mail.ru,https://theoutline.com/post/2074/empowering-my-ass-capitalist-feminism
"2017-08-13 15:12:39",margaritadisandro194@mail.ru,http://www.newyorker.com/news/john-cassidy/donald-trumps-nuclear-war-threat
"2017-08-13 15:12:46",margaritadisandro194@mail.ru,http://www.youtube.com/extratone
"2017-08-13 15:12:48",margaritadisandro194@mail.ru,http://www.niemanlab.org/2017/08/techdirt-sued-by-the-lawyer-who-fought-gawker-gets-250000-to-cover-freedom-of-speech-issues/
"2017-08-13 15:12:48",margaritadisandro194@mail.ru,https://theoutline.com/post/1951/david-avocado-wolfe-is-the-biggest-asshole-in-the-multiverse
"2017-08-13 15:12:49",margaritadisandro194@mail.ru,http://www.newyorker.com/culture/photo-booth/what-rampant-materialism-looks-like-and-what-it-costs
"2017-08-13 15:12:49",margaritadisandro194@mail.ru,https://theoutline.com/post/2071/stop-pretending-to-be-poor-to-make-a-point
"2017-08-13 15:12:50",margaritadisandro194@mail.ru,https://www.theguardian.com/environment/2017/aug/07/usda-climate-change-language-censorship-emails
"2017-08-13 15:12:51",margaritadisandro194@mail.ru,https://theoutline.com/post/2074/empowering-my-ass-capitalist-feminism
"2017-08-13 15:12:51",margaritadisandro194@mail.ru,https://www.mcsweeneys.net/articles/how-i-used-tinder-smart-photos-to-prove-once-and-for-all-that-im-more-attractive-than-a-plate-of-cold-refried-beans
"2017-08-13 15:12:52",margaritadisandro194@mail.ru,https://www.reddit.com/r/CoolGamesInc/comments/6rybbt/what_nick_did_is_more_than_bad_flirting/
"2017-08-13 15:12:53",margaritadisandro194@mail.ru,https://www.theguardian.com/environment/2017/aug/07/usda-climate-change-language-censorship-emails
"2017-08-13 15:12:53",margaritadisandro194@mail.ru,http://bit.ly/kayaktruth
"2017-08-13 15:12:57",margaritadisandro194@mail.ru,http://www.youtube.com/extratone
"2017-08-13 15:12:59",margaritadisandro194@mail.ru,http://www.newyorker.com/culture/culture-desk/things-to-do-with-newspapers-to-avoid-reading-them
"2017-08-13 15:13:02",margaritadisandro194@mail.ru,https://www.recode.net/2017/8/6/16103800/electronic-gadgets-americans-using-less-electricity-energy-information-administration
"2017-08-13 15:13:03",margaritadisandro194@mail.ru,https://theoutline.com/post/1951/david-avocado-wolfe-is-the-biggest-asshole-in-the-multiverse
"2017-08-13 15:13:05",margaritadisandro194@mail.ru,http://instagram.com/extratonemag
"2017-08-13 15:13:07",margaritadisandro194@mail.ru,http://theforecaster-interactive.com/
"2017-08-13 15:13:09",margaritadisandro194@mail.ru,https://theoutline.com/post/2059/how-to-prank-the-rich-and-powerful-without-really-trying
"2017-08-13 15:13:10",margaritadisandro194@mail.ru,http://extratone.com/junction
"2017-08-13 15:13:15",margaritadisandro194@mail.ru,https://theoutline.com/post/2088/sycophantic-journalists-and-the-monsters-they-love
"2017-08-13 15:13:15",margaritadisandro194@mail.ru,https://www.recode.net/2017/8/6/16103800/electronic-gadgets-americans-using-less-electricity-energy-information-administration
"2017-08-13 15:13:16",margaritadisandro194@mail.ru,http://www.adweek.com/digital/bloomberg-is-tapping-its-deep-resources-to-provide-consulting-services-for-businesses/
"2017-08-13 15:13:16",margaritadisandro194@mail.ru,http://www.adweek.com/digital/bloomberg-is-tapping-its-deep-resources-to-provide-consulting-services-for-businesses/
"2017-08-13 15:13:16",margaritadisandro194@mail.ru,http://www.adweek.com/digital/bloomberg-is-tapping-its-deep-resources-to-provide-consulting-services-for-businesses/
"2017-08-13 15:13:17",margaritadisandro194@mail.ru,https://gimletmedia.com/episode/103-long-distance-part-ii/
"2017-08-13 15:13:17",margaritadisandro194@mail.ru,https://theoutline.com/post/2059/how-to-prank-the-rich-and-powerful-without-really-trying
"2017-08-13 15:13:18",margaritadisandro194@mail.ru,https://suitcasemag.com/fashion/global-style/icelandic-inspiration-with-levis-global-design-directors-nick-rendic-and-nicolle-arbour/
"2017-08-13 15:13:20",margaritadisandro194@mail.ru,http://www.newyorker.com/magazine/2017/08/07/rachel-cusk-gut-renovates-the-novel
"2017-08-13 15:13:22",margaritadisandro194@mail.ru,http://www.newyorker.com/magazine/2017/08/07/rachel-cusk-gut-renovates-the-novel
"2017-08-13 15:13:23",margaritadisandro194@mail.ru,https://theoutline.com/post/2078/amazon-jobs-e-commerce-steel-country-lehigh-valley
"2017-08-13 15:13:24",margaritadisandro194@mail.ru,http://www.adweek.com/digital/bloomberg-is-tapping-its-deep-resources-to-provide-consulting-services-for-businesses/
"2017-08-13 15:13:24",margaritadisandro194@mail.ru,http://www.adweek.com/digital/bloomberg-is-tapping-its-deep-resources-to-provide-consulting-services-for-businesses/
"2017-08-13 15:13:25",margaritadisandro194@mail.ru,http://www.adweek.com/digital/bloomberg-is-tapping-its-deep-resources-to-provide-consulting-services-for-businesses/
"2017-08-13 15:13:26",margaritadisandro194@mail.ru,https://www.mcsweeneys.net/articles/how-i-used-tinder-smart-photos-to-prove-once-and-for-all-that-im-more-attractive-than-a-plate-of-cold-refried-beans
"2017-08-13 15:13:27",margaritadisandro194@mail.ru,https://www.reddit.com/r/CoolGamesInc/comments/6rybbt/what_nick_did_is_more_than_bad_flirting/
"2017-08-13 15:13:28",margaritadisandro194@mail.ru,http://extratone.com/junction
"2017-08-13 15:13:31",margaritadisandro194@mail.ru,https://loggedoff.simplecast.fm/episodes/80528-4-never-upset-about-a-wife
"2017-08-13 15:13:32",margaritadisandro194@mail.ru,https://www.thisamericanlife.org/radio-archives/episode/622/who-you-gonna-call
"2017-08-13 15:13:35",margaritadisandro194@mail.ru,http://www.newyorker.com/culture/photo-booth/what-rampant-materialism-looks-like-and-what-it-costs
"2017-08-13 15:13:37",margaritadisandro194@mail.ru,https://www.twitter.com/extratone/
"2017-08-13 15:13:39",margaritadisandro194@mail.ru,http://www.newyorker.com/magazine/2017/08/07/what-meditation-can-do-for-us-and-what-it-cant
"2017-08-13 15:13:39",margaritadisandro194@mail.ru,http://www.niemanlab.org/2017/08/techdirt-sued-by-the-lawyer-who-fought-gawker-gets-250000-to-cover-freedom-of-speech-issues/
"2017-08-13 15:13:44",margaritadisandro194@mail.ru,https://twitter.com/ammnontet/status/895471148879630336
"2017-08-13 15:13:47",margaritadisandro194@mail.ru,https://theoutline.com/post/2090/you-can-t-boycott-google
"2017-08-13 15:13:49",margaritadisandro194@mail.ru,http://www.newyorker.com/news/john-cassidy/donald-trumps-nuclear-war-threat
"2017-08-13 15:13:53",margaritadisandro194@mail.ru,https://theoutline.com/post/2078/amazon-jobs-e-commerce-steel-country-lehigh-valley
"2017-08-13 15:13:55",margaritadisandro194@mail.ru,https://www.nytimes.com/2017/08/04/upshot/the-all-conquering-air-conditioner.html
"2017-08-13 15:13:57",margaritadisandro194@mail.ru,https://www.cjr.org/special_report/qa-terry-gross-explains-why-shes-terrified-of-being-a-reporter.php
"2017-08-13 15:13:58",margaritadisandro194@mail.ru,http://www.newyorker.com/magazine/2017/08/07/what-meditation-can-do-for-us-and-what-it-cant
"2017-08-13 15:14:01",margaritadisandro194@mail.ru,https://www.twitter.com/extratone/
"2017-08-13 15:14:03",margaritadisandro194@mail.ru,https://suitcasemag.com/fashion/global-style/icelandic-inspiration-with-levis-global-design-directors-nick-rendic-and-nicolle-arbour/
"2017-08-13 15:14:06",margaritadisandro194@mail.ru,http://bit.ly/extraread
"2017-08-13 15:14:08",margaritadisandro194@mail.ru,https://bittersweetmonthly.com/stories/plant-it-forward
"2017-08-13 15:14:10",margaritadisandro194@mail.ru,http://bit.ly/kayaktruth
"2017-08-13 15:14:14",margaritadisandro194@mail.ru,http://bit.ly/extraread
"2017-08-13 15:14:14",margaritadisandro194@mail.ru,http://www.newyorker.com/culture/culture-desk/things-to-do-with-newspapers-to-avoid-reading-them
"2017-08-13 15:14:15",margaritadisandro194@mail.ru,https://www.cjr.org/special_report/qa-terry-gross-explains-why-shes-terrified-of-being-a-reporter.php
"2017-08-13 15:14:15",margaritadisandro194@mail.ru,https://theoutline.com/post/2071/stop-pretending-to-be-poor-to-make-a-point
