{"name":"68f63cb1-2cfe-4160-9ff6-073bdc8e003c","id":"/providers/Microsoft.Flow/flows/68f63cb1-2cfe-4160-9ff6-073bdc8e003c","type":"Microsoft.Flow/flows","properties":{"apiId":"/providers/Microsoft.PowerApps/apis/shared_logicflows","displayName":"Microsoft News Digest | The Verge","definition":{"metadata":{"workflowEntityId":null,"creator":{"id":"485b58b1-39b0-4680-b7bd-fadabf5a5b91","type":"User","tenantId":"ca261431-78cb-415a-b3d7-577b5e1352bc"},"provisioningMethod":"FromDefinition","failureAlertSubscription":true,"clientLastModifiedTime":"2019-06-23T04:14:57.1986857Z","flowclientsuspensionreason":"None","flowclientsuspensiontime":null},"$schema":"https://schema.management.azure.com/providers/Microsoft.Logic/schemas/2016-06-01/workflowdefinition.json#","contentVersion":"1.0.0.0","parameters":{"$connections":{"defaultValue":{},"type":"Object"},"$authentication":{"defaultValue":{},"type":"SecureObject"}},"triggers":{"Every_day":{"recurrence":{"frequency":"Day","interval":1},"type":"Recurrence"}},"actions":{"Check_if_there_were_any_posts_this_week":{"actions":{"Compose_the_links_for_each_blog_post":{"foreach":"@take(body('Filter_array'),15)","actions":{"Compose":{"runAfter":{},"type":"Compose","inputs":"<tr><td><h3><a href=\"@{item()?['primaryLink']}\">@{item()['title']}</a></h3></td></tr><tr><td style=\"color: #777777;\">Posted at @{formatDateTime(item()?['publishDate'], 't')} GMT</td></tr><tr><td>@{item()?['summary']}</td></tr>"}},"runAfter":{},"type":"Foreach"},"Send_an_email":{"runAfter":{"Compose_the_links_for_each_blog_post":["Succeeded"]},"metadata":{"flowSystemMetadata":{"swaggerOperationId":"SendEmailNotification"}},"type":"ApiConnection","inputs":{"host":{"connection":{"name":"@parameters('$connections')['shared_flowpush']['connectionId']"},"api":{"runtimeUrl":"https://unitedstates-002.azure-apim.net/apim/flowpush"}},"method":"post","body":{"notificationSubject":"Microsoft News Daily Digest | The Verge","notificationBody":"<h2>Check out the latest news from your RSS feed:</h2><table>@{join(outputs('Compose'),'')}</table>"},"path":"/sendEmailNotification","authentication":"@parameters('$authentication')"}}},"runAfter":{"Filter_array":["Succeeded"]},"expression":"@greater(length(body('Filter_array')), 0)","type":"If"},"Filter_array":{"runAfter":{"List_all_RSS_feed_items":["Succeeded"]},"type":"Query","inputs":{"from":"@body('List_all_RSS_feed_items')","where":"@greater(item()?['publishDate'], adddays(utcnow(),-2))"}},"List_all_RSS_feed_items":{"runAfter":{},"metadata":{"flowSystemMetadata":{"swaggerOperationId":"ListFeedItems"}},"type":"ApiConnection","inputs":{"host":{"connection":{"name":"@parameters('$connections')['shared_rss']['connectionId']"},"api":{"runtimeUrl":"https://unitedstates-002.azure-apim.net/apim/rss"}},"method":"get","path":"/ListFeedItems","queries":{"feedUrl":"http://www.theverge.com/microsoft/rss/index.xml","since":"2014-01-01"},"authentication":"@parameters('$authentication')"}}},"outputs":{}},"connectionReferences":{"shared_flowpush":{"connectionName":"shared-flowpush-9d97a37b-99fb-4866-8c2b-1bf29a13082d","source":"Embedded","id":"/providers/Microsoft.PowerApps/apis/shared_flowpush","tier":"NotSpecified"},"shared_rss":{"connectionName":"shared-rss-8459b245-771f-4c88-9684-51d19c825d39","source":"Embedded","id":"/providers/Microsoft.PowerApps/apis/shared_rss","tier":"NotSpecified"}},"flowFailureAlertSubscribed":false}}